transport_id,application_id,amt_decision_w,amt_loan_w,month_release,MobDr1to3_od1,MobDr1to3_od10,MobDr1to6_od1,MobDr1to6_od10,MobDr1to6_od30
42598,56525,4,4,2015-12,0,0,0,0,0
43577,57506,10,10,2016-01,0,0,0,0,0
47301,61226,20,20,2015-12,0,0,0,0,0
45657,59580,35,35,2016-01,1,0,1,0,0
49913,63838,3,3,2016-01,1,1,1,1,1
52013,65938,9,9,2016-01,1,0,1,0,0
52015,65940,3,3,2016-01,1,1,1,1,0
51354,65279,20,20,2016-01,0,0,0,0,0
56862,70806,10,10,2016-02,0,0,0,0,0
57065,71009,1.8,1.8,2016-01,0,0,0,0,0
56811,70755,10,10,2016-01,1,0,1,0,0
60786,74727,12,12,2016-01,1,0,1,0,0
66167,80115,20,20,2016-01,0,0,0,0,0
66763,80715,8,8,2016-02,1,0,1,0,0
67470,81425,5,5,2016-03,0,0,0,0,0
69578,83533,10,10,2016-02,0,0,1,0,0
69814,83769,6,6,2016-02,0,0,0,0,0
69298,83253,10,10,2016-02,0,0,0,0,0
71931,85886,15,15,2016-02,0,0,0,0,0
73468,87424,10,2,2016-02,0,0,1,0,0
75461,89418,2,2,2016-03,1,1,1,1,1
76876,90833,9,9,2016-03,0,0,0,0,0
82129,96088,3.2,3,2016-03,0,0,0,0,0
84665,98625,5,5,2016-03,0,0,0,0,0
81957,95916,50,50,2016-04,0,0,0,0,0
84730,98690,30,10,2016-03,1,0,1,0,0
84759,98719,15,15,2016-03,1,0,1,0,0
84867,98827,2,2,2016-04,0,0,0,0,0
86291,100251,10,10,2016-04,0,0,0,0,0
89449,103410,20,20,2016-04,1,0,1,0,0
89926,103887,5,5,2016-04,0,0,0,0,0
90995,104956,5,5,2016-04,0,0,0,0,0
93729,107694,30,20,2016-04,0,0,0,0,0
95253,109218,6,11,2016-04,0,0,0,0,0
95151,109116,15,11.8,2016-04,0,0,0,0,0
93717,107682,5,5,2016-04,0,0,0,0,0
97548,111513,20,20,2016-05,1,0,1,0,0
95564,109529,10,10,2016-05,0,0,0,0,0
100056,114021,10,10,2016-05,1,0,1,0,0
101467,115437,2.7,2.7,2016-05,0,0,0,0,0
103531,117501,20,20,2016-05,0,0,0,0,0
103870,117841,9,9,2016-06,1,0,1,0,0
103957,117928,20,12,2016-05,0,0,0,0,0
104609,118582,10,5,2016-06,0,0,1,0,0
104875,118848,11,5,2016-05,0,0,0,0,0
103240,117210,20,20,2016-06,0,0,0,0,0
106027,119999,2,2,2016-06,0,0,0,0,0
106131,120103,10,10,2016-06,0,0,1,0,0
106164,120136,2,2,2016-06,0,0,0,0,0
106318,120290,2,2,2016-06,0,0,0,0,0
106310,120282,2,2,2016-06,0,0,0,0,0
107388,121360,18,18,2016-06,0,0,0,0,0
109552,123524,5,5,2016-06,0,0,0,0,0
110237,124209,5,5,2016-06,0,0,0,0,0
110972,124944,6,7,2016-06,1,0,1,1,1
109317,123289,5,5,2016-06,1,0,1,0,0
112686,126663,20,20,2016-07,1,0,1,0,0
114667,128645,3,3,2016-07,1,0,1,0,0
116192,130170,20,12.14,2016-07,1,0,1,0,0
115161,129139,18,18,2016-07,1,0,1,0,0
116783,130761,11,11,2016-07,1,0,1,1,1
118575,132562,20,9.9,2016-07,0,0,0,0,0
119140,133127,2,2,2016-07,0,0,0,0,0
118325,132308,8,8,2016-07,0,0,0,0,0
119159,133146,5,5,2016-07,0,0,1,0,0
118347,132330,30,30,2016-08,0,0,0,0,0
119436,133423,3,3,2016-07,1,0,1,0,0
119524,133511,15,15,2016-07,0,0,0,0,0
120865,134852,3,3,2016-08,0,0,0,0,0
121684,135671,18.5,18.5,2016-08,1,0,1,0,0
122203,136190,2,2,2016-08,0,0,0,0,0
122039,136026,12,12,2016-08,0,0,0,0,0
124200,138187,12.5,10.8,2016-08,0,0,0,0,0
126830,140820,25,25,2016-08,0,0,0,0,0
127147,141137,20,23.1,2016-08,0,0,0,0,0
127550,141541,25,12,2016-08,0,0,0,0,0
127436,141426,15,15,2016-09,0,0,0,0,0
128563,142554,15,15,2016-08,0,0,0,0,0
129947,143934,8.8,3,2016-09,0,0,0,0,0
132342,146329,21.5,21.5,2016-09,0,0,0,0,0
132960,146948,4.2,3,2016-09,0,0,0,0,0
134315,148305,1.7,1.0177,2016-09,0,0,0,0,0
134107,148097,15,7.7822,2016-09,0,0,0,0,0
135451,149441,25,14.8508,2016-09,0,0,0,0,0
133846,147835,10,10,2016-09,0,0,0,0,0
136420,150444,5,2,2016-10,0,0,0,0,0
136501,150525,4.4,3.2208,2016-09,0,0,0,0,0
136514,150538,8.7,8.7,2016-09,0,0,0,0,0
136707,150731,20,20,2016-10,0,0,0,0,0
132630,146617,15,15,2016-10,0,0,0,0,0
138725,152855,5.7,0.6254,2016-10,0,0,0,0,0
137801,151876,9.6,9.6,2016-10,0,0,1,0,0
140556,154703,2,2,2016-11,0,0,0,0,0
139815,153962,25,15.74,2016-10,0,0,0,0,0
141113,155260,15.8,15.8,2016-10,1,0,1,0,0
141181,155328,4,2.3004,2016-10,1,1,1,1,1
140571,154718,10,10,2016-10,1,0,1,0,0
141355,155502,10.5,10.5,2016-10,0,0,0,0,0
141634,155781,30,19.8508,2016-10,0,0,0,0,0
142696,156843,20,20,2016-10,0,0,0,0,0
143533,157680,20,20,2016-11,0,0,0,0,0
142775,156922,20,20,2016-10,0,0,1,0,0
144684,158839,2.7,2,2016-11,1,0,1,0,0
144728,158883,5,5,2016-11,0,0,0,0,0
145137,159296,20,15,2016-11,1,0,1,0,0
145401,159560,20,20,2016-12,0,0,0,0,0
146152,160311,8.8,4.9655,2016-11,0,0,0,0,0
146633,160792,7.9,7.9,2016-12,0,0,0,0,0
146817,160976,2,2,2016-11,1,0,1,0,0
149394,163558,4.6,1.3,2016-11,0,0,0,0,0
148753,162915,20,20,2016-12,0,0,0,0,0
151432,165596,20,20,2016-11,0,0,0,0,0
150996,165160,20,20,2016-12,0,0,1,0,0
152332,166496,4.7,1,2016-12,0,0,1,0,0
154172,168346,16,16,2016-12,0,0,0,0,0
154202,168376,25,11.8626,2017-01,0,0,0,0,0
157820,171988,10.6,10,2016-12,0,0,1,0,0
157379,171547,60,60,2017-01,0,0,0,0,0
160987,175155,8.6,2.9755,2017-01,0,0,1,0,0
161029,175197,14.4,14.4,2017-01,0,0,0,0,0
161477,175645,8.3,5,2017-01,0,0,0,0,0
162793,176974,10,3.6847,2017-01,0,0,0,0,0
163253,177434,2,1.4836,2017-01,0,0,0,0,0
165320,179502,6.6,6.6,2017-01,0,0,0,0,0
164177,178358,40,40,2017-01,0,0,0,0,0
166915,181097,4,4,2017-02,0,0,0,0,0
168476,182659,2.1,1,2017-02,0,0,0,0,0
168502,182685,50,50,2017-02,0,0,0,0,0
169970,184154,25,25,2017-02,0,0,0,0,0
170290,184474,8.1,2.7087,2017-02,0,0,0,0,0
169578,183762,30,30,2017-02,0,0,1,1,1
172948,187132,4.8,4.8,2017-03,0,0,0,0,0
173448,187632,9,9,2017-03,0,0,0,0,0
173863,188048,2,1.2,2017-03,0,0,0,0,0
174526,188711,10,10,2017-03,0,0,0,0,0
174733,188918,25,10.0552,2017-03,0,0,0,0,0
175185,189370,18,18,2017-03,0,0,0,0,0
175405,189590,2.7,2.7,2017-03,0,0,0,0,0
176087,190272,15,15,2017-04,0,0,0,0,0
177343,191540,13.7,9,2017-03,0,0,1,0,0
177812,192009,3,1,2017-04,0,0,0,0,0
179241,193456,2.3,2.3,2017-04,0,0,0,0,0
179559,193774,2,2,2017-04,0,0,0,0,0
180079,194294,5.9,3,2017-04,0,0,0,0,0
181138,195353,8.1,8.1,2017-04,1,0,1,0,0
181990,196206,18,18,2017-04,0,0,0,0,0
182672,196888,2.7,2.7,2017-05,0,0,0,0,0
183461,197678,2.1,2.1,2017-05,0,0,1,0,0
183530,197747,16.8,16.8,2017-05,0,0,0,0,0
183973,198190,30,30,2017-05,0,0,0,0,0
181671,195887,25,16.1326,2017-05,0,0,0,0,0
185936,200175,2.8,0.3998,2017-06,0,0,0,0,0
187185,201427,10,10,2017-05,0,0,0,0,0
190430,204681,10.9,4.98,2017-06,0,0,0,0,0
191285,205535,3,3.4042,2017-06,0,0,0,0,0
191335,205585,20,20,2017-06,0,0,1,0,0
191412,205662,18,18,2017-06,0,0,0,0,0
191863,206113,11.4,8.52,2017-06,1,0,1,0,0
195790,210094,25,25,2017-08,0,0,0,0,0
195694,209998,25,8.251,2017-07,1,0,1,0,0
196214,210518,25,25,2017-08,0,0,0,0,0
196420,210724,9.1,9.1,2017-07,0,0,0,0,0
196471,210775,20,20,2017-07,0,0,0,0,0
197891,212203,9,5,2017-07,1,0,1,0,0
204137,218483,25,25,2017-09,0,0,0,0,0
206299,220665,20,16,2017-10,0,0,0,0,0
206712,221078,10,10,2017-10,1,0,1,0,0
207631,222002,100,100,2017-10,0,0,0,0,0
211325,225692,20,20,2017-11,0,0,0,0,0
209418,223789,100,100,2017-11,0,0,0,0,0
212427,226798,100,100,0000-00,0,0,0,0,0
215070,229436,16,10.8,2017-11,0,0,0,0,0
216332,230698,20,16.4986,2017-12,1,0,1,0,0
220040,234407,50,50,2018-01,0,0,1,0,0
221468,235836,25,21.6378,2018-03,0,0,1,1,0
228740,243106,25,6.7721,2018-03,0,0,0,0,0
230775,245190,25,25,2018-03,1,0,1,0,0
232314,246732,100,113.4779,2018-03,0,0,0,0,0
234554,248982,25,25,2018-04,0,0,0,0,0
235340,249767,25,25,2018-04,0,0,0,0,0
236508,250936,25,25,2018-04,1,0,1,0,0
236164,250592,25,8.0483,2018-04,1,0,1,0,0
237187,251615,20,20,2018-04,0,0,0,0,0
238895,253326,5,5,2018-05,0,0,0,0,0
242968,257393,25,11.1472,2018-06,0,0,0,0,0
245430,259864,20,20,2018-07,0,0,0,0,0
246152,260586,25,25,2018-07,0,0,0,0,0
246164,260598,20,20,2018-07,0,0,0,0,0
247964,262425,80,80,2018-07,0,0,0,0,0
250310,264797,80,80,2018-08,0,0,0,0,0
36804,50710,7,5,2015-11,1,0,1,0,0
38512,52419,10.23404255,10.2,2015-12,1,0,1,0,0
38556,52463,2,2,2015-12,0,0,0,0,0
39072,52995,10,10,2015-12,1,0,1,0,0
39087,53010,30,30,2015-12,1,0,1,0,0
39895,53819,2.5,2.5,2016-01,0,0,0,0,0
39907,53831,4.2,4.2,2015-12,0,0,0,0,0
40199,54123,17.8,7.1,2016-01,0,0,0,0,0
40271,54195,20,20,2015-12,0,0,0,0,0
40806,54732,4,4,2015-12,0,0,1,1,1
40918,54844,7,7,2015-12,0,0,0,0,0
41189,55114,5,5,2015-12,0,0,0,0,0
41270,55196,2,2,2015-12,1,0,1,0,0
41628,55568,10,10,2015-12,0,0,0,0,0
41656,55583,15,15,2015-12,0,0,0,0,0
41733,55658,4,4,2015-12,0,0,0,0,0
41898,55823,5.038297872,5,2015-12,0,0,0,0,0
41983,55908,2,2,2015-12,0,0,0,0,0
42593,56520,20,20,2015-12,0,0,0,0,0
42644,56571,20,10.9,2016-01,0,0,0,0,0
43868,57798,15,15,2015-12,0,0,0,0,0
45267,59189,4.487234043,4.5,2015-12,0,0,1,0,0
45430,59352,15,3.8,2015-12,1,0,1,1,1
45462,59384,3,3,2016-01,1,0,1,0,0
45913,59835,8,8,2015-12,0,0,1,0,0
46550,60475,2,2,2015-12,1,0,1,0,0
46904,60829,7.6,8.2,2015-12,0,0,0,0,0
47135,61060,9,9,2015-12,0,0,0,0,0
49222,63147,3,3,2015-12,0,0,0,0,0
49458,63383,5.038297872,0.5,2016-01,1,0,1,0,0
49388,63313,9.99787234,10,2016-01,0,0,0,0,0
50746,64671,10.2,10,2016-01,0,0,1,0,0
51518,65443,4,2.2,2016-01,0,0,0,0,0
51818,65743,20,20,2016-01,0,0,1,0,0
52810,66735,20,19.9,2016-01,1,0,1,0,0
53144,67069,10,10,2016-01,1,0,1,0,0
53317,67242,11.80851064,9,2016-01,1,0,1,0,0
54463,68389,20,20,2016-01,0,0,0,0,0
54818,68744,2,2,2016-01,1,1,1,1,0
52980,66905,10,10,2016-01,0,0,0,0,0
55706,69637,13,13,2016-01,0,0,1,0,0
53431,67357,8,8,2016-01,0,0,1,0,0
56089,70025,12,12,2016-01,0,0,0,0,0
56207,70143,5.038297872,5,2016-01,1,0,1,0,0
56328,70264,5,5,2016-01,0,0,0,0,0
57310,71254,2.5,2.5,2016-01,1,0,1,0,0
57580,71524,3,3,2016-01,0,0,0,0,0
57179,71123,5,5,2016-01,0,0,0,0,0
56837,70781,50,29.4,2016-01,0,0,0,0,0
61869,75810,2,2,2016-01,0,0,0,0,0
55741,69672,30,30,2016-01,0,0,0,0,0
61876,75817,8,8,2016-01,0,0,0,0,0
56020,69951,60,60,2016-01,0,0,0,0,0
61675,75616,15,15,2016-01,0,0,0,0,0
61779,75720,2,2,2016-01,0,0,0,0,0
62298,76237,20,20,2016-01,0,0,0,0,0
62376,76317,1,1,2016-01,0,0,0,0,0
63207,77146,15,10.4,2016-01,0,0,0,0,0
64542,78483,10,10,2016-01,0,0,0,0,0
58407,72343,2,2,2016-01,1,0,1,0,0
58733,72669,10,10,2016-01,0,0,0,0,0
65806,79747,2,2.1,2016-01,0,0,0,0,0
65615,79556,5.1,5.1,2016-01,0,0,1,1,1
63212,77151,30,30,2016-02,0,0,1,0,0
65935,79882,7.872340426,7.9,2016-02,0,0,1,1,1
66890,80842,8,5.8,2016-02,0,0,0,0,0
64170,78111,80,80,2016-02,0,0,0,0,0
68493,82448,10,10,2016-02,0,0,0,0,0
69763,83718,5,5,2016-02,1,0,1,0,0
69818,83773,15,15,2016-03,0,0,1,1,0
69938,83893,15,15,2016-02,1,0,1,0,0
72235,86190,7.4,1,2016-02,0,0,0,0,0
72428,86383,7.5,7.6,2016-02,0,0,0,0,0
72507,86462,7.242553191,7.2,2016-03,0,0,0,0,0
72819,86774,5.1,5.1,2016-02,0,0,0,0,0
72918,86873,2,2,2016-02,0,0,0,0,0
73053,87008,20,6.2,2016-02,0,0,0,0,0
73369,87325,7.872340426,7,2016-03,0,0,0,0,0
73739,87695,20,1.6,2016-02,0,0,0,0,0
73799,87755,2.125531915,2.1,2016-02,0,0,0,0,0
74007,87963,20,20,2016-02,0,0,0,0,0
74381,88338,3.8,3.8,2016-03,1,0,1,0,0
74523,88480,6,6,2016-02,0,0,1,0,0
74543,88500,5,5,2016-03,0,0,0,0,0
74439,88396,8.029787234,8,2016-03,0,0,0,0,0
74709,88666,5,5,2016-03,0,0,0,0,0
74763,88719,3,3,2016-03,0,0,1,0,0
75642,89599,6,6,2016-03,0,0,0,0,0
75909,89867,8.974468085,9,2016-03,1,0,1,0,0
75986,89944,3,3,2016-03,0,0,1,1,1
75658,89615,15,5,2016-03,1,0,1,0,0
76306,90264,1.968085106,2,2016-03,0,0,0,0,0
76430,90388,20,20,2016-03,1,0,1,1,0
77276,91233,3,3,2016-03,0,0,0,0,0
77446,91403,20,20,2016-03,1,0,1,0,0
77528,91485,2.5,2.5,2016-03,1,0,1,0,0
77797,91754,3.3,3.3,2016-03,0,0,0,0,0
77998,91955,5.1,5.1,2016-03,0,0,0,0,0
78132,92089,2,2,2016-03,0,0,0,0,0
78270,92227,8.9,8.9,2016-03,1,0,1,0,0
78243,92200,1.968085106,2,2016-03,0,0,0,0,0
78263,92220,3.8,3.8,2016-03,0,0,0,0,0
78994,92953,6.4,6,2016-03,0,0,0,0,0
77943,91900,30,30,2016-03,0,0,0,0,0
79991,93950,1.968085106,2,2016-03,0,0,1,0,0
80403,94362,5,5,2016-03,0,0,0,0,0
80769,94728,4.014893617,4,2016-03,0,0,0,0,0
81548,95507,2,2,2016-03,0,0,0,0,0
82297,96256,4.014893617,4,2016-03,1,0,1,1,1
81805,95764,4.014893617,4,2016-03,1,1,1,1,1
82558,96517,20,4.8,2016-03,0,0,1,0,0
82650,96609,5,5,2016-03,0,0,1,0,0
82883,96842,11.4,11.4,2016-03,1,0,1,0,0
83921,97075,3.2,3.2,2016-03,0,0,0,0,0
83371,97333,5.1,3.2,2016-03,0,0,0,0,0
83588,97550,18.8,5.7,2016-03,0,0,0,0,0
83653,97615,4.8,4.8,2016-03,0,0,0,0,0
84286,98246,3.8,3.8,2016-03,1,0,1,0,0
82807,96766,20,20,2016-03,0,0,0,0,0
83843,97806,15.74468085,15.7,2016-03,1,0,1,0,0
84499,98459,15.74468085,15.7,2016-03,0,0,0,0,0
84606,98566,2.5,2.5,2016-03,0,0,0,0,0
84749,98709,2.991489362,3,2016-03,0,0,0,0,0
85044,99004,8,8,2016-03,0,0,0,0,0
83787,97749,20,20,2016-03,0,0,1,0,0
85009,98969,3.8,3.8,2016-03,0,0,0,0,0
85553,99513,15,15,2016-03,1,0,1,0,0
85855,99815,6.4,6,2016-03,1,0,1,0,0
86235,100195,12.6,12.6,2016-03,0,0,0,0,0
86360,100320,2.5,2.5,2016-03,0,0,0,0,0
86066,100026,5.1,5.1,2016-04,0,0,0,0,0
87258,101218,10,10,2016-04,0,0,0,0,0
87687,101647,6,2,2016-05,0,0,0,0,0
88272,102232,20,20,2016-04,0,0,0,0,0
88538,102498,7,7,2016-04,0,0,0,0,0
89358,103319,10,0.1,2016-05,1,0,1,0,0
89866,103827,2.5,2.5,2016-04,1,0,1,1,1
88455,102415,11.4,11.4,2016-04,0,0,0,0,0
91376,105337,20,3.4,2016-04,0,0,0,0,0
91936,105900,2.5,2.5,2016-04,1,0,1,0,0
92033,105997,12,12,2016-04,1,0,1,0,0
91755,105716,15,15,2016-04,1,0,1,0,0
91784,105745,15,15,2016-04,0,0,0,0,0
92215,106179,13.7,3,2016-05,1,1,1,1,0
93374,107338,2.5,2.5,2016-04,0,0,0,0,0
93437,107401,3.4,3.4,2016-05,1,0,1,0,0
93266,107230,20,20,2016-04,0,0,0,0,0
92730,106694,30,30,2016-04,0,0,0,0,0
94154,108119,12,12,2016-04,0,0,0,0,0
95134,109099,8.8,8.8,2016-04,1,0,1,0,0
95106,109071,10,10,2016-05,0,0,1,1,1
95304,109269,5.1,5.1,2016-04,0,0,0,0,0
95661,109626,9.9,9.9,2016-04,0,0,0,0,0
95669,109634,3.3,3.3,2016-04,1,1,1,1,1
96291,110256,11.4,11.4,2016-04,0,0,0,0,0
96213,110178,3.1,3.1,2016-05,1,0,1,0,0
96287,110252,3.621276596,3.6,2016-04,0,0,0,0,0
96043,110008,3.4,3.4,2016-05,1,1,1,1,1
97333,111298,7.6,7.5,2016-05,1,0,1,0,0
99325,113290,20,8.6,2016-05,1,0,1,0,0
99517,113482,8.9,3.2,2016-05,0,0,0,0,0
99840,113805,15,15,2016-05,0,0,0,0,0
100280,114245,3.8,3.8,2016-05,1,0,1,0,0
101759,115729,3,0.3,2016-05,1,0,1,0,0
102014,115984,6.1,6.1,2016-05,0,0,0,0,0
101421,115391,10,10,2016-05,0,0,1,0,0
102222,116192,20,20,2016-05,0,0,0,0,0
102226,116196,20,10.5,2016-05,0,0,0,0,0
98231,112196,45,18.1,2016-06,0,0,0,0,0
103028,116998,6.4,6,2016-05,0,0,1,0,0
103866,117837,6,6,2016-05,0,0,1,0,0
103902,117873,7.872340426,7.9,2016-06,1,1,1,1,0
104540,118513,10.2,5,2016-05,1,0,1,0,0
105338,119312,10.2,4.2,2016-06,0,0,0,0,0
105536,119510,17.8,17.8,2016-06,1,0,1,0,0
105747,119721,3.2,3.2,2016-06,1,0,1,0,0
108109,122081,3.8,1.8,2016-06,1,0,1,0,0
108650,122622,20,5.1,2016-06,1,0,1,0,0
107333,121305,30,24.2,2016-06,0,0,0,0,0
107753,121725,19.1,6.5,2016-06,1,0,1,0,0
109257,123229,2.5,1,2016-06,0,0,0,0,0
109265,123237,9.5,9.5,2016-06,1,0,1,0,0
109456,123428,10,6,2016-06,0,0,0,0,0
109720,123692,10,10,2016-06,0,0,0,0,0
109767,123739,4.8,3,2016-06,0,0,1,0,0
110262,124234,7.006382979,1,2016-06,0,0,0,0,0
110427,124399,6.7,2.8,2016-07,1,1,1,1,0
110374,124346,5.8,5.8,2016-06,0,0,0,0,0
110594,124566,20,8,2016-06,0,0,0,0,0
110928,124900,5,5,2016-06,0,0,0,0,0
110649,124621,35,7.3,2016-06,0,0,0,0,0
111204,125176,3,3,2016-07,0,0,0,0,0
111673,125650,15.74468085,16.6,2016-06,1,0,1,0,0
111415,125389,9.368085106,9.4,2016-07,1,0,1,0,0
112175,126152,5.2,5.2,2016-06,0,0,1,1,0
112068,126045,15.74468085,5,2016-06,0,0,0,0,0
112308,126285,2.7,0.8,2016-06,0,0,0,0,0
112124,126101,15,15,2016-07,0,0,0,0,0
112647,126624,15,15,2016-07,0,0,0,0,0
112871,126848,3.8,2.4,2016-06,1,0,1,0,0
112466,126443,11.4,6,2016-07,0,0,1,1,1
113079,127056,20,8.3,2016-07,0,0,0,0,0
113790,127768,1.5,1.5,2016-07,1,0,1,1,1
113735,127713,7,7,2016-08,0,0,0,0,0
115066,129044,8.9,8.9,2016-07,0,0,0,0,0
115380,129358,3.5,3.5,2016-07,1,0,1,0,0
115174,129152,26.7,13.8,2016-08,0,0,0,0,0
115696,129674,1.968085106,2,2016-07,1,0,1,1,0
116061,130039,20,15.9,2016-07,1,0,1,0,0
115451,129429,6.29787234,6.3,2016-07,1,0,1,0,0
116730,130708,2.5,2.5,2016-07,0,0,0,0,0
115364,129342,15,15,2016-07,0,0,0,0,0
116898,130876,15,15,2016-07,0,0,0,0,0
117259,131238,8.9,8,2016-07,0,0,0,0,0
115255,129233,18,18,2016-07,0,0,0,0,0
117148,131126,20,15,2016-07,1,0,1,0,0
117508,131489,10,4,2016-07,0,0,0,0,0
117553,131534,6.7,6.2,2016-07,0,0,0,0,0
117677,131658,6,4.7,2016-07,0,0,0,0,0
117026,131004,9,5.1,2016-08,0,0,0,0,0
117436,131415,3.2,3.2,2016-08,1,0,1,1,1
118055,132038,15,15,2016-07,0,0,0,0,0
118047,132030,5,5,2016-07,0,0,0,0,0
118122,132105,7.872340426,7.9,2016-07,1,0,1,0,0
118781,132768,14,7,2016-07,0,0,0,0,0
119268,133255,8.817021277,4,2016-08,1,0,1,0,0
118733,132720,2.5,1.7,2016-07,0,0,0,0,0
115551,129529,20,7.2,2016-07,0,0,0,0,0
117832,131813,35,19.5,2016-07,0,0,0,0,0
118210,132193,20,5,2016-07,0,0,0,0,0
119586,133573,11.4,8.4,2016-07,0,0,1,0,0
119799,133786,6.1,2.7,2016-07,0,0,0,0,0
120442,134429,1.7,1.7,2016-07,1,0,1,1,0
120090,134077,2.5,2.5,2016-08,0,0,1,0,0
119965,133952,7.006382979,7,2016-08,0,0,0,0,0
120521,134508,5,5,2016-08,0,0,0,0,0
120623,134610,20,20,2016-08,0,0,0,0,0
120793,134780,6.4,6.4,2016-08,0,0,0,0,0
120854,134841,10,10,2016-08,0,0,1,1,0
120987,134974,2.5,2.5,2016-08,0,0,1,1,1
120144,134131,18,18,2016-08,1,0,1,0,0
121725,135712,7.4,3.9,2016-08,1,0,1,0,0
121848,135835,2.8,2.8,2016-08,0,0,0,0,0
122437,136424,9.99787234,10,2016-08,0,0,0,0,0
122953,136940,2.5,2.5,2016-08,0,0,0,0,0
122139,136126,10.2,10.2,2016-08,0,0,0,0,0
122707,136694,5.982978723,6,2016-08,0,0,0,0,0
122867,136854,7.9,5.6,2016-08,1,0,1,0,0
123157,137144,15.5,11.8,2016-08,1,0,1,0,0
123270,137257,10,10,2016-08,0,0,0,0,0
122404,136391,17.5,17.5,2016-08,0,0,0,0,0
122985,136972,10,10,2016-08,0,0,0,0,0
123966,137953,19.99574468,20,2016-08,0,0,0,0,0
121163,135150,20,20,2016-08,0,0,0,0,0
123528,137515,18.02765957,18,2016-08,0,0,0,0,0
124558,138545,17.8,17.8,2016-08,0,0,0,0,0
124865,138852,7.9,7.9,2016-08,1,0,1,0,0
122952,136939,19.68085106,19,2016-08,0,0,0,0,0
125178,139165,13.3,13.3,2016-08,0,0,0,0,0
124676,138663,11.8,11.8,2016-08,1,0,1,0,0
125590,139577,25,19,2016-08,1,0,1,0,0
126252,140241,8.5,6,2016-08,0,0,0,0,0
126148,140137,12.3,7.4,2016-08,1,0,1,0,0
127407,141397,25,20.3,2016-08,0,0,0,0,0
128035,142026,38.1,38.1,2016-08,1,0,1,0,0
128404,142395,20,13.5,2016-08,0,0,0,0,0
125142,139129,25.03404255,25,2016-09,0,0,0,0,0
128182,142173,25,25,2016-09,0,0,0,0,0
128636,142627,22,22,2016-09,1,1,1,1,1
128729,142720,5.7,5.2,2016-09,1,0,1,0,0
129016,143003,11.1,10,2016-09,0,0,0,0,0
125894,139883,25,9.8838,2016-09,0,0,0,0,0
127262,141252,31.4893617,31.4894,2016-09,0,0,0,0,0
129241,143228,31.8,31,2016-09,0,0,1,0,0
129160,143147,30,30,2016-09,0,0,0,0,0
130396,144383,8.4,8.3838,2016-09,0,0,0,0,0
128700,142691,25,15.9,2016-09,0,0,0,0,0
130570,144558,20,8.6,2016-09,0,0,0,0,0
131661,145649,8,8,2016-09,1,0,1,0,0
131742,145730,13.61914894,13.6,2016-09,0,0,0,0,0
131747,145735,11.1,1.8,2016-09,0,0,1,0,0
131691,145680,30,14.5524,2016-09,0,0,0,0,0
132064,146051,20.8,10,2016-09,0,0,0,0,0
131200,145188,30,18.0442,2016-09,0,0,0,0,0
132545,146532,10.5,10.5432,2016-09,1,0,1,0,0
131785,145773,20,10.9882,2016-09,0,0,0,0,0
132708,146695,4,4,2016-09,0,0,0,0,0
132965,146953,3.6,1.3799,2016-09,1,0,1,0,0
133109,147097,7.1,4.5,2016-09,1,0,1,0,0
133221,147209,4,3.2489,2016-09,0,0,1,1,0
134252,148242,15.2,6,2016-09,0,0,0,0,0
134730,148720,14.1,14,2016-09,0,0,0,0,0
134742,148733,5.5,5.4622,2016-09,0,0,0,0,0
135094,149084,25,13.3609,2016-09,0,0,1,0,0
135328,149318,10,5.8803,2016-09,1,0,1,0,0
135541,149531,3.4,3.4297,2016-10,0,0,0,0,0
136477,150501,7.872340426,7.8723,2016-10,0,0,0,0,0
136512,150536,20,20,2016-09,0,0,0,0,0
136551,150575,14,13.973,2016-09,0,0,0,0,0
136965,150991,11.1,7.0937,2016-10,1,1,1,1,1
137218,151244,6.4,6.3514,2016-09,0,0,0,0,0
136376,150400,31.8,30,2016-10,1,0,1,0,0
137102,151128,12,12,2016-10,0,0,1,0,0
137535,151561,5.6,3.9672,2016-10,0,0,1,0,0
137992,152122,2.5,2.5,2016-10,0,0,0,0,0
138820,152950,14.1,3.8,2016-10,0,0,0,0,0
136636,150660,40,40,2016-10,0,0,0,0,0
139402,153549,18,18.0378,2016-10,0,0,0,0,0
139488,153635,50,27.5024,2016-10,0,0,0,0,0
140069,154216,5,5,2016-10,0,0,0,0,0
139957,154104,15,1.6562,2016-10,0,0,0,0,0
140673,154820,5,5,2016-10,0,0,1,0,0
140741,154888,6,4,2016-10,0,0,0,0,0
140774,154921,20,7.3,2016-10,0,0,0,0,0
140994,155141,10.4,6.5306,2016-10,0,0,1,0,0
141243,155390,6.612765957,6.6,2016-10,1,0,1,0,0
140841,154988,17.1,12,2016-11,1,0,1,0,0
141195,155342,20,27.8,2016-10,0,0,0,0,0
141563,155710,20,9.6774,2016-10,1,0,1,0,0
141997,156144,25,16.893,2016-11,1,0,1,1,1
142095,156242,2.5,2.5405,2016-10,0,0,0,0,0
142271,156418,13.06808511,6,2016-10,0,0,0,0,0
142401,156548,10.8,7.5614,2016-10,1,1,1,1,1
142422,156569,6,2.3835,2016-10,1,0,1,0,0
142450,156597,5,5,2016-10,0,0,1,1,1
142513,156660,15,15,2016-10,0,0,0,0,0
142545,156692,6.1,6,2016-10,1,1,1,1,0
142586,156733,2.4,2.4135,2016-10,0,0,0,0,0
141011,155158,20,15.2033,2016-10,1,0,1,0,0
142624,156771,10,10,2016-11,0,0,0,0,0
143168,157315,22.9,22.8649,2016-10,1,0,1,0,0
143636,157784,19.1,19.0541,2016-10,0,0,0,0,0
143977,158127,24.6,4.7929,2016-10,0,0,0,0,0
144023,158174,15.2,6.3817,2016-10,0,0,1,0,0
143331,157478,25.4,12.5159,2016-10,1,0,1,0,0
141866,156013,26,10.7784,2016-10,1,1,1,1,1
142935,157082,25,25,2016-11,0,0,1,0,0
144969,159128,20,20,2016-11,0,0,0,0,0
145160,159319,11.8,8,2016-11,0,0,0,0,0
145389,159548,8.6,5.2,2016-11,0,0,0,0,0
145564,159723,20,20,2016-12,0,0,0,0,0
145889,160048,3.4,3.4,2016-11,1,0,1,0,0
145932,160091,20.3,16.1975,2016-11,0,0,0,0,0
145977,160136,30,10.913,2016-11,0,0,0,0,0
144035,158186,35,35,2016-11,0,0,0,0,0
146321,160480,25,13.3871,2016-11,0,0,0,0,0
146906,161068,3.9,2.6051,2016-11,1,0,1,0,0
146942,161104,20,9.7015,2016-11,0,0,0,0,0
147870,162032,25,15,2016-12,0,0,0,0,0
148186,162348,10.9,11.7837,2016-11,1,1,1,1,1
148475,162637,3,0.9176,2016-11,1,0,1,0,0
148943,163105,9.5,8.6081,2016-11,0,0,0,0,0
149470,163634,15,15,2016-11,0,0,0,0,0
149920,164084,10,10,2016-11,0,0,0,0,0
150145,164309,19.7,16.4662,2016-11,1,0,1,0,0
150289,164453,6.9,6.5,2016-11,0,0,0,0,0
150445,164609,18.2,4.8811,2016-11,0,0,0,0,0
150458,164622,23.61702128,13.9752,2016-11,0,0,0,0,0
150481,164645,31.8,6.5113,2016-11,0,0,0,0,0
150631,164795,13.2,5.941,2016-11,0,0,0,0,0
150808,164972,2.912765957,0.4263,2016-12,0,0,0,0,0
150917,165081,23.61702128,12,2016-11,1,0,1,0,0
151005,165169,19.1,5,2016-11,0,0,1,0,0
150246,164410,60,39.0958,2016-11,0,0,1,0,0
151262,165426,15,15,2016-11,0,0,0,0,0
151571,165735,2.5,2.5405,2016-11,1,0,1,0,0
152045,166209,1.968085106,2,2016-12,0,0,0,0,0
151624,165788,22.9,19.7,2016-12,0,0,0,0,0
152379,166543,2.59787234,2.6,2016-12,0,0,0,0,0
152358,166522,25,6.5315,2016-12,0,0,0,0,0
152578,166742,19.1,11.0643,2016-12,0,0,0,0,0
152291,166455,20,15.7,2016-12,0,0,0,0,0
152711,166876,15.8,15.7514,2016-12,0,0,0,0,0
152713,166878,30,19.3,2016-12,0,0,0,0,0
153558,167725,20,9.9647,2016-12,0,0,0,0,0
153671,167838,31.8,3.2705,2016-12,0,0,1,0,0
154366,168533,13.2,6,2017-01,0,0,0,0,0
154557,168725,22.9,8.7371,2016-12,0,0,0,0,0
154680,168848,25,25,2016-12,0,0,0,0,0
155067,169235,5,5,2016-12,0,0,0,0,0
154134,168310,15.74468085,15.7447,2016-12,1,0,1,0,0
155343,169511,10,10,2016-12,0,0,1,0,0
155448,169616,10,10,2016-12,0,0,0,0,0
155729,169897,8,3.3968,2016-12,0,0,1,0,0
155929,170097,19.3,16.8308,2017-01,0,0,0,0,0
155964,170132,2.7,2.6676,2016-12,0,0,0,0,0
156154,170322,6.6,6,2017-01,0,0,0,0,0
156716,170884,20,17.9,2016-12,1,0,1,0,0
157380,171548,6.9,5.553,2016-12,0,0,0,0,0
157433,171601,6,3.9239,2016-12,0,0,0,0,0
156500,170668,9.1,9,2016-12,0,0,0,0,0
157453,171621,20,8.5277,2016-12,0,0,1,1,1
157588,171756,5.6,5.5892,2016-12,0,0,0,0,0
157760,171928,18.02765957,10,2017-01,1,0,1,0,0
158387,172555,2,2,2017-01,0,0,1,0,0
158696,172864,2.5,2.5,2017-01,0,0,1,0,0
158981,173149,2.5,2.5,2016-12,0,0,0,0,0
159033,173201,50,50,2016-12,0,0,0,0,0
159655,173824,31.8,22.1837,2016-12,0,0,0,0,0
159672,173840,15.4,4.7357,2017-01,0,0,0,0,0
160598,174766,25,15,2017-01,0,0,0,0,0
161055,175223,7.5,7.4,2017-01,0,0,0,0,0
159323,173491,30,30,2017-01,0,0,0,0,0
161263,175431,6,5.9703,2017-01,0,0,0,0,0
161278,175446,6.4,6.3514,2017-01,0,0,0,0,0
161481,175649,3.6,0.4316,2017-01,1,0,1,0,0
161688,175856,3.14893617,3.1,2017-01,0,0,0,0,0
161849,176017,10.5,10.5,2017-01,0,0,0,0,0
162458,176639,11.1,4.55,2017-02,0,0,0,0,0
162469,176650,18,12.686,2017-01,0,0,0,0,0
162509,176690,20,7.6713,2017-01,0,0,0,0,0
163036,177217,8,8,2017-01,1,0,1,0,0
163111,177292,19.9,15.3665,2017-01,0,0,0,0,0
163140,177321,11.8,5.7,2017-01,0,0,0,0,0
163274,177455,25,19,2017-01,0,0,0,0,0
163629,177810,6.9,6.8,2017-01,0,0,0,0,0
163867,178048,15,15,2017-01,0,0,0,0,0
163971,178152,19.7,7.7334,2017-01,0,0,0,0,0
163226,177407,25,25,2017-01,0,0,0,0,0
163846,178027,25,19.7998,2017-01,0,0,0,0,0
164627,178808,15.5,3.9867,2017-01,0,0,0,0,0
165050,179231,10,10,2017-01,0,0,0,0,0
165562,179744,2.5,2,2017-01,0,0,0,0,0
165479,179661,25,14.8,2017-01,1,0,1,0,0
165775,179957,6.6,6.6054,2017-01,0,0,1,0,0
166037,180219,20,20,2017-02,0,0,0,0,0
166326,180508,5,5,2017-01,0,0,0,0,0
166464,180646,25,9.3829,2017-01,0,0,0,0,0
166844,181026,10.9,6.4781,2017-02,1,0,1,0,0
167436,181618,9.5,3.3499,2017-02,0,0,0,0,0
167537,181719,6.2,5.0988,2017-02,0,0,0,0,0
167590,181772,2.4,2.4,2017-02,0,0,1,1,1
167957,182139,19.68085106,18.9975,2017-03,0,0,0,0,0
168063,182245,14,5,2017-02,0,0,0,0,0
168170,182353,18.02765957,18,2017-02,0,0,0,0,0
168435,182618,8,8,2017-02,0,0,0,0,0
168456,182639,20,7.9981,2017-02,0,0,0,0,0
168567,182750,5,5,2017-02,1,0,1,0,0
168698,182881,25,6.6,2017-02,0,0,0,0,0
169011,183194,2.3,1.7,2017-02,0,0,0,0,0
169087,183270,2,2,2017-02,0,0,0,0,0
168720,182903,18.02765957,18,2017-02,0,0,0,0,0
169210,183393,10,8.6238,2017-02,0,0,0,0,0
169328,183511,25,19.997,2017-02,0,0,0,0,0
168831,183014,25,10.7936,2017-02,0,0,0,0,0
169551,183735,6.4,1.4,2017-02,0,0,0,0,0
169736,183920,4,4,2017-02,0,0,0,0,0
169876,184060,7.6,5.7,2017-02,0,0,0,0,0
170166,184350,9.8,9.7811,2017-02,0,0,0,0,0
170805,184989,8.8,3,2017-02,0,0,0,0,0
171354,185538,7.872340426,7.8,2017-03,1,0,1,0,0
171398,185582,2.5,2.5,2017-02,0,0,0,0,0
171599,185783,6.6,5,2017-02,0,0,0,0,0
171777,185961,10.7,9.6,2017-03,0,0,0,0,0
170171,184355,20,20,2017-03,0,0,0,0,0
171969,186153,5,5,2017-03,0,0,0,0,0
172215,186399,4.8,4.8,2017-03,0,0,0,0,0
172218,186402,7.4,7,2017-03,0,0,0,0,0
172290,186474,3.463829787,3.5,2017-03,0,0,1,0,0
172087,186271,14.56382979,14,2017-03,0,0,0,0,0
172395,186579,15.5,15.4973,2017-03,0,0,0,0,0
172431,186615,12.4,10,2017-03,0,0,0,0,0
172538,186722,6,6,2017-03,0,0,0,0,0
172991,187175,25,14.2683,2017-03,0,0,0,0,0
173232,187416,3.7,3.7,2017-03,0,0,0,0,0
173552,187736,10.5,10,2017-03,0,0,0,0,0
171755,185939,15,15,2017-03,0,0,0,0,0
174491,188676,2.5,2,2017-03,0,0,0,0,0
174241,188426,35,35,2017-03,0,0,0,0,0
175211,189396,14.9,14.1584,2017-03,0,0,1,0,0
174926,189111,25,5.973,2017-03,0,0,0,0,0
176008,190193,18.7,13.5805,2017-03,0,0,0,0,0
176093,190278,18.5,18.5,2017-03,0,0,0,0,0
176283,190466,17.4,17.4027,2017-03,0,0,1,1,0
176182,190367,18.02765957,11.5777,2017-03,0,0,0,0,0
177115,191312,13,7.7269,2017-03,0,0,0,0,0
178001,192198,3.936170213,0.2,2017-04,0,0,1,0,0
177195,191392,25,25,2017-05,0,0,0,0,0
177814,192011,9.4,9.4,2017-04,0,0,0,0,0
177922,192119,5.1,5.0811,2017-04,1,0,1,0,0
178521,192718,25,25,2017-04,0,0,0,0,0
179604,193819,5.982978723,6,2017-04,0,0,1,0,0
179721,193936,28.8,1.859,2017-04,1,0,1,0,0
179807,194022,21.17659574,11,2017-04,0,0,0,0,0
180699,194914,8.659574468,8.6596,2017-04,0,0,1,0,0
180938,195153,9.7,1.5,2017-04,0,0,0,0,0
180735,194950,12,12,2017-04,0,0,0,0,0
181391,195606,9.99787234,4.9753,2017-04,0,0,0,0,0
181915,196131,5.825531915,2.5681,2017-04,0,0,0,0,0
181663,195879,20,8.4612,2017-04,0,0,0,0,0
181705,195921,20.2,16.6959,2017-04,0,0,0,0,0
182104,196320,40,40,2017-04,1,0,1,1,0
182514,196730,11,11,2017-04,0,0,0,0,0
182716,196932,6.7,4.8,2017-05,0,0,0,0,0
183151,197367,18.4,18,2017-05,0,0,1,0,0
183697,197914,6.2,5,2017-05,1,0,1,0,0
183967,198184,9.5,5,2017-05,0,0,0,0,0
184790,199008,1.968085106,2,2017-05,1,0,1,1,0
184480,198698,25,25,2017-05,0,0,0,0,0
185046,199264,7.478723404,3.8488,2017-05,0,0,0,0,0
185603,199821,10,6.25,2017-05,0,0,1,0,0
185784,200023,15.7,15.7,2017-05,0,0,1,0,0
185797,200036,10.1,10.1,2017-05,1,0,1,0,0
187228,201470,2.5,2,2017-05,0,0,1,0,0
187139,201381,20,11.96,2017-06,0,0,0,0,0
187619,201861,20,11.8,2017-06,0,0,0,0,0
189058,203300,3.2,3.1757,2017-06,0,0,0,0,0
189342,203592,11.7,9.2521,2017-06,0,0,0,0,0
189356,203606,20,20,2017-06,0,0,0,0,0
189376,203626,1.968085106,2,2017-06,1,0,1,0,0
189146,203388,35,14.4665,2017-06,0,0,0,0,0
189741,203993,6.5,6.5,2017-06,1,0,1,0,0
190512,204763,15.1,6,2017-06,0,0,0,0,0
190870,205120,8.9,8.8919,2017-06,0,0,0,0,0
189634,203885,25,25,2017-06,0,0,0,0,0
190909,205159,4.7,4.7,2017-06,0,0,0,0,0
190974,205224,20,11,2017-06,0,0,0,0,0
191900,206150,22.9,10.2775,2017-06,0,0,0,0,0
192423,206673,14.4,1.3977,2017-06,1,1,1,1,0
193357,207609,25,17.2,2017-07,1,0,1,0,0
193369,207621,13.7,13.7,2017-06,1,0,1,0,0
193592,207844,11.1,11.0514,2017-06,0,0,1,0,0
193812,208064,7.2,7.2405,2017-07,0,0,0,0,0
193962,208215,9.9,9.9,2017-07,0,0,0,0,0
194889,209186,2.204255319,1,2017-08,1,0,1,0,0
194890,209187,11.1,0.9,2017-07,1,0,1,0,0
194949,209246,9.368085106,9.4,2017-07,0,0,0,0,0
195141,209439,8.4,8.3838,2017-07,0,0,1,0,0
195246,209543,25,15.5599,2017-07,0,0,0,0,0
194670,208967,27.9,13.7851,2017-07,1,0,1,0,0
195442,209739,8.6,3.4694,2017-07,0,0,0,0,0
195851,210155,12.51702128,8.5,2017-07,1,0,1,0,0
195660,209964,50,41.3893,2017-07,0,0,0,0,0
195949,210253,4.093617021,4.1,2017-07,0,0,0,0,0
196183,210487,20,5.15,2017-07,0,0,0,0,0
196558,210862,10.2,10.16,2017-07,0,0,0,0,0
196365,210669,5.668085106,5.6681,2017-07,1,0,1,0,0
196885,211189,20,20,2017-07,0,0,0,0,0
196519,210823,6.4,6.4,2017-08,1,0,1,0,0
196727,211031,19.2,7.5,2017-07,0,0,0,0,0
198225,212537,6.4,1.4247,2017-08,1,0,1,0,0
198172,212484,7.6,7.6,2017-08,0,0,0,0,0
198263,212575,15.74468085,15,2017-09,1,0,1,0,0
198373,212685,11.96595745,12,2017-08,1,1,1,1,1
199043,213355,6.4,6.35,2017-08,1,0,1,0,0
199308,213620,11.4,11.4324,2017-08,0,0,0,0,0
199720,214034,20,20,2017-09,0,0,0,0,0
199794,214108,25,14,2017-08,0,0,0,0,0
200872,215208,6.4,6.35,2017-08,1,0,1,0,0
202025,216365,25,16.366,2017-08,0,0,0,0,0
203074,217418,7.636170213,7.6361,2017-09,1,0,1,0,0
203117,217461,25,24.9999,2017-09,0,0,0,0,0
205249,219594,21.6,10,2017-09,0,0,0,0,0
205044,219389,18.1,18.0999,2017-09,1,0,1,0,0
205328,219674,19.68085106,19.6808,2017-09,0,0,0,0,0
205470,219816,24,15.6525,2017-09,1,0,1,0,0
205055,219400,21.6,21.5,2017-09,0,0,0,0,0
205804,220156,3.8,3.8,2017-09,1,0,1,1,0
206140,220506,25,24.9999,2017-09,0,0,1,0,0
207067,221433,25,21.2295,2017-10,1,0,1,1,0
207386,221753,3.8,3.81,2017-10,0,0,0,0,0
208312,222684,50,49.9999,2017-10,1,0,1,0,0
209006,223382,25,15,2017-11,1,0,1,0,0
211387,225750,12.7,2.4003,2017-11,0,0,0,0,0
211521,225885,24.1,18,2017-11,1,0,1,0,0
212632,227002,25,24.9999,2017-11,0,0,0,0,0
214111,228480,5.1,5,2017-11,0,0,1,0,0
214575,228944,8.9,4.0591,2017-11,1,0,1,0,0
214478,228847,19.1,19.054,2017-11,0,0,1,0,0
216291,230657,19.9,18.5,2017-12,0,0,0,0,0
217060,231426,20,20,2017-12,1,0,1,0,0
217818,232183,25,18.7,0000-00,0,0,0,0,0
218290,232653,25,24.9999,2017-12,1,0,1,0,0
218303,232666,3.8,0.5548,2018-01,0,0,0,0,0
218795,233159,24.7,11.4355,2017-12,1,0,1,0,0
218098,232464,20,1.8363,2018-01,0,0,0,0,0
220364,234730,2.5,1,2018-01,0,0,0,0,0
219838,234205,25,24.9999,2018-01,0,0,0,0,0
220191,234558,76.4,17.5967,2018-01,0,0,1,1,0
220196,234563,3.8,3.8,2018-01,0,0,0,0,0
220259,234626,15,15,2018-01,0,0,0,0,0
220981,235350,30,22,2018-02,0,0,0,0,0
221413,235781,40,40,2018-01,0,0,0,0,0
223224,237595,25,11,2018-01,0,0,0,0,0
223771,238140,24.4,12.3651,2018-01,0,0,0,0,0
223817,238185,30,16.3457,2018-01,1,0,1,1,1
224402,238771,25,24.9999,2018-01,1,0,1,0,0
224319,238687,11.4,11.43,2018-01,0,0,0,0,0
225189,239557,25,10.3709,2018-02,0,0,0,0,0
226162,240528,25,24.9999,2018-02,1,1,1,1,1
227124,241494,3,1,2018-02,0,0,0,0,0
228788,243154,2.991489362,2,2018-03,1,1,1,1,1
228932,243296,3,2.6547,2018-03,0,0,0,0,0
230015,244378,15,15,2018-03,0,0,0,0,0
232512,246929,3.6,1.2,2018-04,0,0,0,0,0
232382,246799,11.4,11.43,2018-03,0,0,0,0,0
232967,247385,6.4,6,2018-04,0,0,0,0,0
232882,247300,2.5,2.5405,2018-04,0,0,0,0,0
234990,249419,14,13.9729,2018-05,0,0,0,0,0
234002,248422,30,7.284,2018-04,0,0,0,0,0
236430,250858,25,24.9999,2018-04,0,0,0,0,0
237947,252374,25,10,2018-05,1,1,1,1,0
238754,253182,5.1,5.08,2018-05,1,0,1,0,0
238717,253145,100,99.9999,2018-05,0,0,0,0,0
241690,256115,50,25,2018-06,0,0,0,0,0
242592,257017,19.68085106,3,2018-06,0,0,0,0,0
242941,257366,25,24.9999,2018-06,0,0,0,0,0
245639,260073,25,10.4,2018-07,0,0,0,0,0
245959,260394,25,14.9717,2018-07,0,0,0,0,0
248790,263252,11.4,11,2018-07,1,0,1,0,0
248920,263381,25,15.951,2018-07,0,0,0,0,0
249166,263625,12.7,12,2018-07,0,0,0,0,0
248753,263216,44.5,44.4594,2018-07,0,0,0,0,0
249256,263720,2.5,2.5405,2018-07,0,0,0,0,0
249268,263732,25.4,16.2194,2018-08,0,0,0,0,0
249355,263820,3.8,3.8108,2018-07,0,0,0,0,0
249775,264242,25,24.9999,2018-08,0,0,0,0,0
249374,263839,25,11.6606,2018-08,0,0,0,0,0
249639,264105,25.4,25.4054,2018-08,0,0,0,0,0
249939,264428,11.4,6.4326,2018-08,0,0,0,0,0
249768,264235,17.8,17.7837,2018-08,0,0,0,0,0
250164,264653,12.7,8,2018-08,0,0,0,0,0
250532,265017,16.5,7.246,2018-08,0,0,0,0,0
250674,265160,17.8,17.7839,2018-08,0,0,0,0,0
250914,265402,25,22.8,2018-08,0,0,0,0,0
250980,265468,8.9,8.3399,2018-08,0,0,0,0,0
251207,265693,9.1,6.418,2018-08,0,0,0,0,0
251374,265860,3.8,1,2018-09,0,0,0,0,0
251656,266144,8.029787234,8,2018-08,0,0,0,0,0
251449,265935,50,19,2018-08,0,0,0,0,0
251844,266332,8.9,2.1,2018-08,0,0,0,0,0
252008,266496,40,22.7512,2018-08,0,0,0,0,0
252204,266694,25,20,2018-08,0,0,0,0,0
252499,266989,7.6,5.2542,2018-08,0,0,0,0,0
252749,267239,20,20,0000-00,0,0,0,0,0
252771,267261,8.9,,2018-08,0,0,0,0,0
252780,267270,25,,2018-08,0,0,0,0,0
252979,267467,2.5,1.0901,2018-08,0,0,0,0,0
252706,267196,8,7.9999,2018-09,0,0,0,0,0
253268,267754,5.1,5.081,2018-09,0,0,0,0,0
36747,50652,5.3,5.4,2015-11,0,0,1,0,0
37687,51593,15,15,2015-12,1,0,1,0,0
37868,51774,1.998,2,2015-12,1,0,1,0,0
37869,51776,5.4,5.4,2015-12,1,0,1,0,0
38576,52498,8,2.3,2015-12,0,0,0,0,0
39013,52936,10,10,2015-12,0,0,0,0,0
39054,52977,1.998,2,2015-12,0,0,0,0,0
39098,53021,9.964,2,2016-01,1,0,1,0,0
39103,53026,15,2,2015-12,0,0,0,0,0
39464,53387,5.076,3.1,2015-12,1,0,1,0,0
39630,53553,5,5,2015-12,0,0,0,0,0
39760,53684,9.5,9.5,2015-12,0,0,0,0,0
40162,54086,3,3,2015-12,1,0,1,0,0
40265,54189,2.7,2.7,2015-12,0,0,0,0,0
41701,55625,6,6,2015-12,0,0,0,0,0
41923,55848,7.4,7,2015-12,0,0,1,0,0
41927,55852,1.974,2,2015-12,1,0,1,0,0
42405,56331,2,2,2015-12,0,0,1,0,0
42549,56476,1.974,2,2015-12,0,0,1,1,0
42652,56579,2.7,2.7,2015-12,0,0,0,0,0
43322,57251,20,20,2015-12,0,0,0,0,0
44718,58649,14,14,2015-12,0,0,1,0,0
44765,58697,2.538,2,2016-01,0,0,0,0,0
45028,58950,19.1,14.2,2016-01,0,0,0,0,0
45160,59082,12,12,2015-12,0,0,0,0,0
45195,59117,2.538,2.5,2015-12,0,0,0,0,0
46195,60120,4.042,4,2015-12,0,0,1,0,0
47112,61037,6.8,6.8,2015-12,0,0,0,0,0
47505,61430,6.8,6.8,2015-12,0,0,1,0,0
48171,62096,4.982,5,2015-12,0,0,0,0,0
49246,63171,1.974,2,2016-01,0,0,1,0,0
49670,63595,12,12,2016-01,0,0,0,0,0
50265,64190,10,10,2016-01,0,0,0,0,0
50401,64326,16,16,2016-01,0,0,1,0,0
50478,64403,5,5,2016-01,0,0,0,0,0
50865,64790,5.3,5.3,2016-01,1,1,1,1,0
50606,64531,8,8,2016-01,1,0,1,0,0
51805,65730,2.7,2.7,2016-01,1,1,1,1,0
52114,66039,3.008,3,2016-01,0,0,0,0,0
52301,66226,17,3.7,2016-01,0,0,0,0,0
53820,67745,6.8,6.8,2016-01,0,0,0,0,0
54843,68769,3.1,3.1,2016-01,0,0,0,0,0
56302,70238,12.8,12.8,2016-01,0,0,0,0,0
56738,70682,5.4,5.4,2016-01,1,0,1,0,0
56838,70782,2,2,2016-01,0,0,0,0,0
57675,71620,20,20,2016-01,0,0,1,0,0
56458,70401,12,12,2016-01,1,0,1,0,0
57839,71783,15,15,2016-01,0,0,0,0,0
58667,72603,15,4.3,2016-01,0,0,0,0,0
59265,73196,2.7,2.7,2016-01,0,0,0,0,0
59319,73250,8,8,2016-01,0,0,1,0,0
57647,71591,2.1,2,2016-01,0,0,0,0,0
59882,73814,6.016,6,2016-01,0,0,0,0,0
61138,75079,10.998,11,2016-01,0,0,0,0,0
62231,76172,2,2,2016-01,1,0,1,0,0
62404,76345,9.5,9.5,2016-01,0,0,0,0,0
62460,76401,4.042,4,2016-01,1,0,1,0,0
61300,75241,14.8,3,2016-01,0,0,0,0,0
62393,76334,5.3,5,2016-01,0,0,0,0,0
62540,76479,5.64,5.6,2016-01,0,0,0,0,0
63014,76953,6.4,5.3,2016-01,1,0,1,0,0
63095,77034,7.52,7.5,2016-01,1,0,1,0,0
62361,76302,20,20,2016-01,0,0,0,0,0
65744,79685,2,2,2016-01,0,0,0,0,0
65778,79719,8.5,8.5,2016-01,1,0,1,0,0
63617,77557,5.3,5.3,2016-03,0,0,0,0,0
66000,79948,4.042,4,2016-03,0,0,0,0,0
66227,80175,3.2,3.2,2016-02,0,0,1,0,0
68338,82293,2.7,0.9,2016-02,0,0,0,0,0
69315,83270,15,15,2016-02,0,0,1,0,0
69609,83564,1.974,1,2016-02,1,0,1,0,0
69701,83656,5,5,2016-02,0,0,0,0,0
69572,83527,8.5,8,2016-02,1,0,1,0,0
70558,84513,1.88,1.9,2016-02,0,0,1,0,0
72188,86143,5.3,5.3,2016-02,0,0,0,0,0
72216,86171,8.1,8.1,2016-02,0,0,0,0,0
72215,86170,3,3,2016-02,0,0,0,0,0
72298,86253,1.88,1.9,2016-03,0,0,0,0,0
72817,86772,8,7.7,2016-02,1,0,1,0,0
73147,87102,4,4,2016-02,1,0,1,0,0
73308,87264,8,3,2016-02,0,0,1,0,0
73364,87320,5.2,5.2,2016-02,0,0,1,0,0
73514,87470,10,10,2016-02,0,0,0,0,0
73547,87503,16,10.7,2016-02,0,0,0,0,0
73878,87834,15,6.1,2016-02,0,0,0,0,0
74342,88299,18.8,18.8,2016-03,0,0,0,0,0
74632,88589,5,5,2016-02,0,0,0,0,0
75427,89384,2.7,2.7,2016-03,1,0,1,0,0
76039,89997,10,10,2016-03,0,0,1,0,0
76126,90084,3.8,3.8,2016-03,1,0,1,0,0
76028,89986,4,4,2016-03,0,0,0,0,0
76582,90540,2.5,1,2016-03,0,0,0,0,0
76595,90553,5.032,5,2016-03,0,0,0,0,0
76732,90689,8,8,2016-03,1,0,1,0,0
76891,90848,3,3,2016-03,1,0,1,0,0
77498,91455,3.2,3.2,2016-03,0,0,1,0,0
77755,91712,3.854,3.8,2016-03,0,0,0,0,0
78351,92308,9.5,8.9,2016-03,0,0,0,0,0
79024,92983,5.076,5.1,2016-03,0,0,1,0,0
79614,93573,8.1,8.1,2016-03,1,1,1,1,0
79139,93098,2.538,2.5,2016-03,0,0,0,0,0
79928,93887,5.994,6,2016-03,1,0,1,0,0
82359,96318,1.974,2,2016-03,1,1,1,1,0
85614,99574,9.964,10,2016-04,0,0,0,0,0
86609,100569,8.1,2,2016-04,0,0,0,0,0
87162,101122,8,8,2016-04,1,0,1,0,0
87667,101627,4.794,1,2016-04,1,0,1,0,0
87741,101701,19.4,12,2016-04,1,0,1,0,0
89653,103614,4.7,4.7,2016-04,1,0,1,0,0
90539,104500,10,3.5,2016-04,0,0,0,0,0
91029,104990,8.1,4,2016-04,0,0,0,0,0
91904,105868,20,20,2016-04,1,0,1,1,0
91955,105919,3.5,3.5,2016-04,1,0,1,0,0
93490,107454,4.7,1.3,2016-04,0,0,1,0,0
94891,108856,2.7,2.7,2016-05,1,0,1,0,0
96649,110614,18.9,5.1,2016-05,1,0,1,0,0
96999,110964,2.538,2.5,2016-05,0,0,1,0,0
99480,113445,1.998,2,2016-05,0,0,0,0,0
100455,114425,14.9,14.6,2016-05,1,0,1,0,0
100440,114410,7,7,2016-06,1,0,1,0,0
101153,115123,20,7.3,2016-05,0,0,1,0,0
101278,115248,14.9,14.9,2016-05,0,0,0,0,0
101480,115450,2.7,2.7,2016-05,0,0,1,0,0
101677,115647,18.8,18.8,2016-05,0,0,1,0,0
102255,116225,20,20,2016-05,0,0,0,0,0
103810,117781,2.538,2.5,2016-05,0,0,1,0,0
102141,116111,21.3,21.3,2016-07,1,0,1,1,0
107599,121571,9,9,2016-06,1,0,1,0,0
108545,122517,15.228,10,2016-07,0,0,0,0,0
108463,122435,3.1,3.1,2016-06,0,0,0,0,0
108587,122559,7,3.5,2016-06,0,0,0,0,0
108165,122137,20,20,2016-06,0,0,0,0,0
109845,123817,14.9,5,2016-06,0,0,0,0,0
110056,124028,18.8,5.3,2016-06,0,0,0,0,0
110077,124049,6.2,5,2016-06,0,0,1,0,0
110525,124497,15.04,9.3,2016-06,0,0,0,0,0
110568,124540,18.9,3.6,2016-06,0,0,0,0,0
109682,123654,1.998,2,2016-06,0,0,1,0,0
110418,124390,8.366,3.7,2016-06,0,0,0,0,0
111166,125138,4.606,1.1,2016-07,1,0,1,0,0
111224,125196,3,2,2016-06,0,0,0,0,0
111631,125605,2,2,2016-06,1,0,1,0,0
112105,126082,12.8,4.5,2016-06,0,0,0,0,0
111950,125927,18.8,4.3,2016-06,1,0,1,0,0
112998,126975,3.666,3.7,2016-07,0,0,0,0,0
114948,128926,4.9,4.9,2016-07,0,0,0,0,0
115656,129634,7.1,5.1,2016-07,0,0,0,0,0
116214,130192,16.92,16.9,2016-07,1,0,1,0,0
117047,131025,5.546,2.3,2016-07,0,0,0,0,0
117267,131246,5.6,2,2016-07,1,0,1,0,0
118056,132039,1.974,2,2016-07,1,0,1,0,0
119201,133188,2.538,2.5,2016-07,1,0,1,0,0
118843,132830,13,9.9,2016-07,0,0,0,0,0
119708,133695,14.006,6.7,2016-08,0,0,0,0,0
121193,135181,1.998,2,2016-08,0,0,0,0,0
121385,135372,8.4,8.4,2016-08,1,0,1,0,0
122011,135998,7,7,2016-09,0,0,0,0,0
122023,136010,4.794,4.8,2016-08,0,0,0,0,0
123506,137493,10,10,2016-08,0,0,0,0,0
124680,138667,9.5,9.5,2016-08,0,0,1,0,0
125093,139080,20,20,2016-08,0,0,1,0,0
125508,139495,18.1,5.8,2016-08,0,0,1,1,0
125614,139601,12.6,12.6,2016-08,0,0,0,0,0
125826,139815,10,10,2016-08,1,0,1,0,0
123397,137384,20,11.1,2016-08,0,0,0,0,0
127107,141097,7.4,7.4,2016-08,1,0,1,0,0
126451,140441,30,30,2016-08,1,0,1,0,0
128045,142036,7,7,2016-08,1,1,1,1,1
126316,140306,21.3,2.8,2016-09,0,0,0,0,0
128937,142924,10,10,2016-09,0,0,0,0,0
129714,143701,4,4,2016-09,1,0,1,1,0
130107,144094,9.87,6.4,2016-09,0,0,0,0,0
130214,144201,4,4,2016-09,1,1,1,1,0
130172,144159,20,20,2016-09,1,0,1,0,0
132154,146141,7.52,7.52,2016-09,0,0,0,0,0
132172,146159,9.694,9.7,2016-09,0,0,0,0,0
132650,146637,2.7,2,2016-09,0,0,0,0,0
133447,147435,10,4.8685,2016-09,0,0,0,0,0
132466,146453,7.77,7.8,2016-09,0,0,0,0,0
134554,148544,12.5,12.5,2016-10,0,0,0,0,0
135419,149409,20.022,8.0442,2016-09,0,0,0,0,0
136015,150038,7.238,7.2405,2016-09,0,0,0,0,0
136343,150367,20,8.5,2016-10,1,0,1,0,0
137156,151182,18.8,18.8,2016-10,1,0,1,0,0
138138,152268,33.8,16.6112,2016-10,0,0,1,0,0
138659,152789,12,12,2016-10,0,0,0,0,0
138904,153034,5.5,5.5405,2016-10,0,0,1,0,0
139875,154022,14.8,12,2016-10,0,0,0,0,0
140586,154733,10.5,10.5,2016-10,0,0,0,0,0
139786,153933,35,35,2016-10,0,0,0,0,0
141150,155297,3,0.9,2016-10,0,0,1,0,0
141204,155351,2.7,2.7,2016-10,1,1,1,1,1
141680,155827,20,20,2016-10,0,0,0,0,0
142268,156415,13.724,8,2016-10,0,0,0,0,0
142296,156443,14.6,12,2016-10,0,0,0,0,0
142322,156469,4.5,1.9559,2016-10,0,0,0,0,0
143377,157524,3.8,3.7838,2016-10,0,0,0,0,0
144072,158223,10,10,2016-10,0,0,0,0,0
144286,158441,1.998,2,2016-10,0,0,0,0,0
145532,159691,5.828,5.8,2016-11,0,0,0,0,0
144335,158490,22.842,22.8649,2016-11,0,0,0,0,0
146389,160548,1.6,1.6216,2016-11,0,0,0,0,0
148233,162395,7.6,7.1135,2016-11,0,0,1,0,0
149019,163181,6.1,6.0811,2016-11,0,0,0,0,0
149404,163568,12.69,14,2016-11,0,0,0,0,0
150065,164229,3.666,2.6512,2016-11,0,0,0,0,0
148183,162345,5,2.2062,2016-11,1,0,1,1,1
150762,164926,20,10.2099,2016-11,0,0,0,0,0
150474,164638,25.004,8.252,2016-12,0,0,0,0,0
152540,166704,20,11.9701,2016-12,1,0,1,0,0
153556,167723,7.2,7.1622,2016-12,0,0,0,0,0
154440,168607,2,2,2016-12,0,0,0,0,0
154791,168959,18,12,2016-12,0,0,0,0,0
154874,169042,4,4,2016-12,0,0,0,0,0
154870,169038,21.5,10,2017-01,0,0,0,0,0
154808,168976,22.372,10,2016-12,0,0,0,0,0
155322,169490,21.5,21.4865,2016-12,0,0,0,0,0
156805,170973,6.1,6,2016-12,0,0,0,0,0
157099,171267,15,2.9096,2016-12,0,0,0,0,0
159283,173451,18.5,18,2016-12,0,0,0,0,0
160788,174956,8.6,1.8372,2017-01,1,0,1,0,0
162042,176210,14.9,13,2017-01,0,0,0,0,0
162646,176827,25,25,2017-01,0,0,0,0,0
162824,177005,7.7,7.7,2017-01,0,0,0,0,0
162877,177058,5.4,5.4,2017-01,1,1,1,1,0
163172,177353,2.664,0.4088,2017-01,1,0,1,0,0
163539,177720,2.538,2.5,2017-01,0,0,0,0,0
164159,178340,9.2,5.2834,2017-02,0,0,0,0,0
164987,179168,25,25,2017-01,0,0,0,0,0
165142,179323,4.418,2.099,2017-01,0,0,1,0,0
165962,180144,8.436,8.4,2017-01,0,0,0,0,0
167462,181644,10,3.1891,2017-02,0,0,0,0,0
167859,182041,10.8,7.7605,2017-02,1,0,1,0,0
168804,182987,9.2,9,2017-02,0,0,0,0,0
168958,183141,18.8,4.5885,2017-02,0,0,0,0,0
168967,183150,28.2,12.2,2017-02,0,0,0,0,0
168990,183173,21.3,6.1242,2017-02,0,0,0,0,0
169656,183840,25,12.7,2017-03,0,0,0,0,0
170609,184793,19.082,14.1596,2017-02,0,0,0,0,0
171604,185788,20,20,2017-03,0,0,0,0,0
171879,186063,10.5,7.3264,2017-03,0,0,0,0,0
172083,186267,8,5.637,2017-03,1,0,1,0,0
172307,186491,12,2.4878,2017-03,0,0,0,0,0
172828,187012,9.7,9.7297,2017-03,0,0,0,0,0
173428,187612,23.5,13.3508,2017-03,0,0,0,0,0
174117,188302,14.194,9.4447,2017-03,0,0,1,0,0
174425,188610,5.7,3.5,2017-03,0,0,0,0,0
174731,188916,7,4,2017-03,0,0,0,0,0
174966,189151,13.6,3.1918,2017-03,0,0,0,0,0
175262,189447,7.4,7.4,2017-03,0,0,0,0,0
175320,189505,13.5,5.4,2017-03,0,0,0,0,0
175478,189663,8.8,8.78,2017-04,0,0,0,0,0
175591,189776,9.99,6,2017-03,0,0,0,0,0
175637,189822,2.82,2.8,2017-03,1,0,1,0,0
175639,189824,4.588,1,2017-04,0,0,0,0,0
175975,190160,15.91,9.8105,2017-03,0,0,1,0,0
175993,190178,1.974,0.4971,2017-04,1,0,1,0,0
176200,190385,18.2,7,2017-03,0,0,0,0,0
176349,190532,9.6,9.6,2017-03,1,0,1,1,0
175944,190129,28.2,14.7062,2017-04,0,0,0,0,0
176331,190514,25,23.7751,2017-03,0,0,0,0,0
176360,190543,25,25,2017-03,0,0,0,0,0
176725,190908,18.518,18.5459,2017-03,0,0,0,0,0
176203,190388,18.8,18.8,2017-03,0,0,0,0,0
177702,191899,13.724,6.1081,2017-03,0,0,0,0,0
178241,192439,2.4,2.4,2017-04,0,0,1,0,0
178752,192949,6.4,2.8822,2017-04,0,0,0,0,0
178827,193024,22.654,22.6108,2017-04,0,0,0,0,0
177462,191659,21.9,21.8919,2017-04,0,0,0,0,0
180716,194931,3.4,3,2017-05,0,0,0,0,0
180862,195077,4.5,2.597,2017-04,0,0,0,0,0
181313,195528,20.3,20.2703,2017-04,0,0,0,0,0
181505,195721,8.6,4.1,2017-04,0,0,0,0,0
181927,196143,25,6.1753,2017-04,0,0,0,0,0
182218,196434,8.5,8.5,2017-04,0,0,0,0,0
182637,196853,18.5,18.5,2017-04,0,0,0,0,0
182728,196944,2.7,2.7,2017-04,1,0,1,0,0
181135,195350,25,25,2017-05,0,0,0,0,0
183510,197727,25.5,25.5319,2017-05,0,0,0,0,0
184596,198814,19,10.4,2017-05,0,0,0,0,0
184802,199020,10.3,4.4626,2017-05,0,0,0,0,0
185669,199887,9.8,3.5,2017-05,0,0,0,0,0
185743,199982,11.938,5.5,2017-05,0,0,0,0,0
185874,200113,6,6,2017-05,0,0,0,0,0
185945,200184,22.842,11,2017-05,0,0,0,0,0
186161,200403,9,9,2017-05,0,0,1,0,0
186422,200664,22.7,14.7282,2017-05,0,0,0,0,0
186697,200939,8.7,2,2017-06,0,0,0,0,0
186789,201031,15.134,7.5054,2017-05,1,1,1,1,1
186813,201055,6.2,2.7989,2017-05,0,0,0,0,0
186935,201177,11.844,10,2017-06,0,0,0,0,0
186968,201210,5.9,5.9,2017-05,0,0,0,0,0
186933,201175,24.3,20,2017-06,0,0,1,0,0
187200,201442,40,14.36,2017-06,0,0,0,0,0
187758,202000,21.338,12.4828,2017-05,0,0,0,0,0
188032,202274,20,3.7,2017-05,0,0,0,0,0
188079,202321,4.324,4.3189,2017-05,0,0,0,0,0
188105,202347,25,25,2017-06,0,0,0,0,0
188204,202446,5.1,4.8926,2017-06,0,0,1,1,1
188909,203151,22.842,10.8862,2017-06,0,0,1,0,0
189863,204115,5.994,6,2017-06,0,0,0,0,0
189941,204192,18.9,18.9189,2017-06,1,0,1,1,0
190194,204445,3,1.6919,2017-06,0,0,0,0,0
190238,204489,2,2,2017-06,1,1,1,1,0
190495,204746,24.3,10.1605,2017-06,0,0,0,0,0
190601,204851,2.6,2.4135,2017-06,0,0,0,0,0
191035,205285,16.544,4.5,2017-06,0,0,0,0,0
191106,205356,14.7,6.1203,2017-06,0,0,0,0,0
191303,205553,6.392,4.0952,2017-06,0,0,1,0,0
191389,205639,9.3,9.32,2017-06,0,0,1,0,0
191781,206031,8.93,6.4018,2017-06,0,0,0,0,0
191873,206123,13.066,9.7426,2017-06,0,0,0,0,0
192246,206496,10,4.9055,2017-06,0,0,0,0,0
192420,206670,4.982,4.9541,2017-06,0,0,0,0,0
192879,207131,6.486,4.2877,2017-06,0,0,1,0,0
193039,207291,23.5,23,2017-06,0,0,0,0,0
193120,207372,2.7,2.7027,2017-06,1,0,1,1,1
192024,206274,20,20,2017-07,0,0,0,0,0
192095,206345,35,19.7009,2017-06,0,0,1,0,0
193359,207611,3.2,3.2432,2017-06,0,0,1,0,0
193431,207683,16.872,12.3561,2017-07,1,1,1,1,0
193971,208224,20,20,2017-07,0,0,0,0,0
194145,208438,8,7.9,2017-07,0,0,1,0,0
194300,208597,3.4,2.7,2017-07,0,0,0,0,0
195035,209332,6.5,6.4865,2017-08,1,0,1,0,0
195244,209541,11.9,11.89,2017-08,0,0,0,0,0
195335,209632,12.69,12.7027,2017-07,0,0,1,1,1
195068,209366,20,20,2017-08,1,0,1,1,0
195741,210045,3.404,0.5389,2017-07,0,0,0,0,0
195809,210113,18.8,6.5,2017-07,0,0,0,0,0
196264,210568,7.4,7.43,2017-07,0,0,0,0,0
196442,210746,2.162,2.1595,2017-07,1,0,1,0,0
196473,210777,2.538,2.5405,2017-07,0,0,0,0,0
196732,211036,13.2,6.7164,2017-07,1,0,1,0,0
195070,209368,50,50,2017-07,0,0,1,0,0
196362,210666,30,18.4451,2017-07,0,0,1,0,0
196979,211283,21,7.3,2017-07,1,0,1,0,0
197338,211642,5.076,4,2017-08,1,0,1,0,0
197378,211682,25,12.1,2017-07,1,0,1,1,0
197627,211931,9.5,5.9,2017-07,0,0,1,1,1
197737,212041,7.992,5.2462,2017-08,1,0,1,0,0
197894,212206,14.006,13.973,2017-08,0,0,0,0,0
197952,212264,5.994,6,2017-08,0,0,0,0,0
198240,212552,1.4,1.3514,2017-08,1,0,1,0,0
198223,212535,18.5,15.309,2017-08,1,0,1,0,0
198718,213030,16.2,16.2,2017-08,0,0,0,0,0
199327,213639,9.5,6,2017-09,1,0,1,0,0
199394,213708,5.4,5.4054,2017-08,1,0,1,1,1
198760,213072,25,5.0564,2017-08,1,0,1,0,0
199448,213762,25,6.8122,2017-08,1,0,1,0,0
199793,214107,11.468,6.2322,2017-08,0,0,1,0,0
199939,214253,8.1,8.1081,2017-08,0,0,1,1,1
198508,212820,37,37,2017-08,0,0,0,0,0
200128,214442,11.026,11,2017-08,0,0,0,0,0
199375,213689,37,37,2017-08,0,0,1,0,0
199977,214291,10.8,10.8108,2017-08,0,0,0,0,0
200311,214625,16.544,16.5,2017-08,0,0,0,0,0
200974,215310,14.9,10,2017-08,1,0,1,0,0
200107,214421,74.3,76.9472,2017-08,0,0,0,0,0
201245,215585,35,14,2017-08,0,0,0,0,0
201266,215606,23.5,23.5,2017-09,0,0,0,0,0
200669,214985,23.5,23.5,2017-09,0,0,1,1,0
201092,215428,18.5,18.5,2017-08,0,0,0,0,0
201526,215866,6.8,1.9563,2017-08,0,0,0,0,0
200992,215328,37.6,26.987,2017-10,1,0,1,0,0
201160,215496,30,13.5,2017-08,0,0,0,0,0
201617,215957,5.4,4.3,2017-08,0,0,0,0,0
201944,216284,11.988,6.9,2017-09,0,0,0,0,0
202459,216799,23.5,9.1535,2017-09,0,0,0,0,0
202485,216825,2.538,2.5,2017-09,1,0,1,1,0
202811,217155,2.538,2.5405,2017-09,0,0,0,0,0
202850,217194,5.076,4.2781,2017-09,0,0,0,0,0
202764,217108,14.006,0.3968,2017-09,0,0,0,0,0
202988,217332,17.02,15,2017-09,0,0,0,0,0
202976,217320,12.2,10,2017-09,0,0,0,0,0
203075,217419,5.4,2,2017-09,0,0,0,0,0
203131,217475,8.93,4.7,2017-09,0,0,0,0,0
203176,217520,9.964,9.9999,2017-09,1,0,1,0,0
203229,217573,2.7,0.5427,2017-09,0,0,0,0,0
203269,217613,2.538,1,2017-09,0,0,1,1,0
203461,217805,10.152,5.9739,2017-09,0,0,0,0,0
203641,217985,34.968,16.2485,2017-09,0,0,0,0,0
203743,218087,21.6,21.6216,2017-09,0,0,1,1,0
203798,218143,9.5,4,2017-09,1,0,1,0,0
203807,218152,8.93,8,2017-09,0,0,0,0,0
204069,218415,21.62,16.3,2017-09,1,0,1,0,0
204186,218532,23.5,17.2179,2017-09,0,0,0,0,0
204081,218427,25,25,2017-09,0,0,0,0,0
204259,218605,6.392,6.35,2017-09,0,0,0,0,0
204358,218703,6.8,1,2017-09,0,0,0,0,0
204424,218769,25,14,2017-09,0,0,1,1,0
204592,218937,10.152,7.1639,2017-10,0,0,0,0,0
204887,219232,4.1,2.1079,2017-09,1,0,1,0,0
204647,218993,6.392,6.3513,2017-09,0,0,0,0,0
203741,218085,47,47,2017-09,1,0,1,1,0
205066,219411,20.304,15.3207,2017-09,0,0,0,0,0
204895,219240,8.1,8.1081,2017-09,0,0,1,0,0
205173,219518,14.9,14.86,2017-09,0,0,0,0,0
205380,219726,17.1,17.1,2017-09,1,0,1,0,0
205387,219733,3.854,2.781,2017-09,0,0,1,0,0
205394,219740,5.076,5.081,2017-09,1,0,1,0,0
205162,219507,20.116,7.2,2017-10,0,0,0,0,0
205570,219916,7.614,7.6216,2017-09,1,0,1,0,0
205671,220023,25,18.1678,2017-09,0,0,0,0,0
205707,220059,25,21.8494,2017-09,0,0,1,0,0
205833,220205,4.1,4.054,2017-09,1,0,1,1,0
206039,220405,9.5,9.4594,2017-09,0,0,0,0,0
206029,219981,16.544,13.0493,2017-09,1,0,1,0,0
206271,220637,13.5,13.51,2017-09,0,0,1,0,0
206396,220762,8.1,8.1081,2017-09,0,0,0,0,0
206721,221087,5.4,3.59,2017-09,1,1,1,1,1
206786,221152,14.476,11.2128,2017-09,0,0,1,0,0
207298,221665,32.9,11.4641,2017-10,1,0,1,0,0
207450,221817,14.8,14.8,2017-10,0,0,0,0,0
206635,221001,50,50,2017-10,1,0,1,0,0
207756,222127,18.5,4,2017-10,0,0,0,0,0
207794,222165,8.1,8.1081,2017-10,0,0,0,0,0
207889,222261,35.5,19.8,2017-10,1,0,1,1,0
206969,221335,23.606,23.617,2017-10,1,0,1,0,0
208160,222532,24.3,8.25,2017-10,1,0,1,0,0
208216,222588,3.854,3.8,2017-10,0,0,0,0,0
208536,222909,10.152,8.5,2017-10,0,0,1,0,0
208560,222933,5.994,6,2017-11,0,0,0,0,0
207469,221836,50,20.0001,2017-10,0,0,0,0,0
208398,222772,25,25,2017-10,0,0,1,1,0
208660,223032,56.4,56.4,2017-10,1,0,1,0,0
208798,223170,33,9.0964,2017-10,1,0,1,0,0
208800,223172,6.8,5.6395,2017-10,0,0,0,0,0
207884,222256,29.986,20,2017-11,0,0,1,1,0
209061,223434,35,14.5932,2017-10,1,0,1,0,0
209139,223510,2.7,2.7,2017-10,1,0,1,0,0
209177,223548,10.152,10.1621,2017-10,0,0,1,0,0
209203,223574,13.986,14,2017-10,0,0,0,0,0
209211,223582,10.8,4.2155,2017-10,0,0,1,0,0
209406,223777,16.544,8,2017-10,1,0,1,0,0
209441,223812,8.1,3.7754,2017-10,1,0,1,0,0
209447,223818,15.228,15,2017-10,1,0,1,0,0
209512,223883,3.034,3,2017-10,0,0,0,0,0
209555,223926,18.5,12,2017-11,0,0,0,0,0
209610,223981,1.316,1.27,2017-10,0,0,0,0,0
209705,224076,13.024,8.1868,2017-10,0,0,0,0,0
209709,224080,23.5,15.8532,2017-10,0,0,0,0,0
209627,223998,23.5,14.6053,2017-10,0,0,1,0,0
209723,224094,14.9,11.5991,2017-10,0,0,0,0,0
205702,220054,70,63.8333,2017-10,0,0,0,0,0
209903,224274,18.9,8.6482,2017-10,0,0,0,0,0
209775,224146,24.3,24.3243,2017-10,0,0,0,0,0
209766,224137,21.6,21.6,2017-10,0,0,0,0,0
210186,224556,13,13,2017-11,0,0,0,0,0
210256,224624,3.854,3.12,2017-10,0,0,0,0,0
210275,224643,11.026,7.468,2017-10,1,0,1,0,0
209824,224195,40.5,40.5405,0000-00,1,0,1,1,0
208636,223008,88.924,86.93,2017-10,1,0,1,0,0
208960,223335,25.012,25,2017-10,0,0,0,0,0
210557,224927,2.7,2.7,2017-10,0,0,0,0,0
210263,224631,42.6,40,2017-11,1,0,1,0,0
210839,225207,17.02,17,2017-11,0,0,0,0,0
210905,225272,40.5,40.5406,2017-11,0,0,0,0,0
210989,225356,9.5,6,2017-11,0,0,0,0,0
211193,225557,16.2,12.5956,2017-11,0,0,0,0,0
211217,225581,11.468,6,2017-11,0,0,0,0,0
211277,225643,9.5,3.5971,2017-11,0,0,0,0,0
211372,225738,9.5,2.1614,2017-11,1,0,1,0,0
211413,225776,6.8,6.7567,2017-11,1,0,1,1,1
211167,225531,10.8,10.8108,2017-11,1,0,1,0,0
211560,225925,9.5,9.4594,2017-11,0,0,0,0,0
211399,225762,31.772,31,2017-11,0,0,0,0,0
211681,226046,25,20,2017-11,0,0,1,0,0
211469,225833,36.4,23.7,2017-11,0,0,0,0,0
211231,225595,13.5,13.5135,2017-11,0,0,0,0,0
211610,225975,16,3.7159,2017-11,0,0,1,1,0
211640,226005,25,25,2017-11,1,0,1,1,0
212060,226432,8.93,6.4176,2017-11,0,0,0,0,0
212166,226537,9.5,7,2017-11,0,0,0,0,0
212324,226695,25,14.3522,2017-11,0,0,1,0,0
212437,226808,12.69,6.1388,2017-11,1,0,1,0,0
212165,226536,7.614,7,2017-11,0,0,0,0,0
212260,226631,38.07,38,2017-11,0,0,0,0,0
212661,227031,3.854,1,2017-11,1,0,1,0,0
212679,227049,2.7,0.5901,2017-11,0,0,0,0,0
212685,227055,8.1,8.1081,2017-11,0,0,0,0,0
211255,225621,70,41.2744,2017-11,0,0,0,0,0
212648,227018,1.998,2,2017-11,0,0,1,1,0
212813,227184,4.1,4,2017-11,0,0,0,0,0
213059,227430,17.6,2,2017-11,0,0,1,1,0
213085,227456,2.538,2.5405,2017-11,1,0,1,0,0
213167,227538,14.006,5.5,2017-11,0,0,0,0,0
213439,227809,22.842,10,2017-11,0,0,0,0,0
212851,227221,23,22.9729,2017-11,0,0,0,0,0
213255,227626,70.03,40.8071,2017-11,0,0,0,0,0
213593,227960,25,10.78,2017-11,0,0,0,0,0
213755,228129,5.994,6,2017-11,0,0,0,0,0
212709,227079,37.2,37.234,2017-11,0,0,0,0,0
213964,228333,40.5,32.3187,2017-11,0,0,0,0,0
214051,228420,8.93,6,2017-11,0,0,1,0,0
214056,228425,10.152,3.255,2017-11,0,0,0,0,0
214114,228483,10.152,10.1621,2017-12,0,0,0,0,0
214170,228539,29.7,20.9488,2017-11,0,0,1,0,0
214274,228644,36.5,16.8244,2017-11,1,0,1,0,0
213140,227511,30,8.7,2017-12,1,0,1,0,0
214561,228930,29.97,20,2017-11,1,0,1,0,0
214664,229033,4.1,1.4497,2017-12,0,0,0,0,0
214821,229190,25,25,2017-11,0,0,1,0,0
214440,228809,6.8,6.7567,2017-11,0,0,0,0,0
214975,229341,14.006,13.9729,2017-12,0,0,0,0,0
215018,229384,11.2,11.2,2017-11,0,0,1,1,1
215025,229391,14.006,1.296,2017-12,0,0,0,0,0
215168,229534,25,25,2017-11,1,0,1,0,0
214404,228774,50,27,2017-12,0,0,1,1,0
215218,229584,20,20,2017-11,1,0,1,0,0
215380,229746,25,25,2017-11,0,0,0,0,0
215448,229814,10,10,2017-12,1,0,1,0,0
215451,229818,10.8,10.81,2017-12,0,0,0,0,0
215455,229822,10.152,10.1277,2017-12,0,0,0,0,0
215689,230056,6.8,4.1433,2017-12,1,0,1,1,0
215761,230128,11,9.0429,2017-12,0,0,0,0,0
215489,229856,40.5,40,2017-12,0,0,0,0,0
215555,229922,6.392,6.35,2017-12,1,1,1,1,1
215800,230167,5.076,5,2017-12,0,0,1,1,0
215935,230301,9.5,9.4,2017-12,1,0,1,0,0
216149,230515,10.8,0.7,2017-12,0,0,0,0,0
214586,228955,53.2,53.1914,2017-12,0,0,0,0,0
216017,230383,12.2,11.2802,2017-12,0,0,0,0,0
216210,230576,10.8,10,2017-12,0,0,0,0,0
216063,230429,5.4,5.4054,2017-12,1,0,1,0,0
216319,230685,9.5,7,2017-12,0,0,0,0,0
216482,230848,10.8,10.8108,2017-12,0,0,0,0,0
216418,230784,38.07,35,2018-01,0,0,1,1,1
216748,231115,25.7,5.19,2017-12,0,0,0,0,0
216881,231248,9.5,2.7,2017-12,0,0,1,0,0
216889,231256,7.03,7,2018-01,0,0,0,0,0
216920,231287,8.1,8.1081,2017-12,1,1,1,1,1
217007,231373,23,21.8,2017-12,0,0,0,0,0
217126,231492,8.1,2.0918,2017-12,0,0,0,0,0
217174,231540,7.614,2,2017-12,0,0,0,0,0
217267,231633,11.28,1,2017-12,0,0,0,0,0
216248,230614,29.986,29.9999,2017-12,0,0,0,0,0
217263,231629,8.93,8.8918,2017-12,0,0,0,0,0
217337,231703,32.6,32.5675,2017-12,0,0,1,0,0
216282,230648,31.9,31.9148,2017-12,1,0,1,0,0
217403,231773,15.984,8.9838,2017-12,0,0,0,0,0
217696,232061,18.9,18.9,2017-12,0,0,1,0,0
217432,231802,40.044,13.2537,2017-12,1,0,1,0,0
217810,232175,5.4,1,2017-12,0,0,0,0,0
217869,232234,17.6,8.4,2017-12,0,0,0,0,0
216983,231350,38.07,38.1,2017-12,1,0,1,0,0
217124,231490,40,18.9198,2017-12,0,0,0,0,0
218658,233022,2.7,0.938,2017-12,0,0,0,0,0
218694,233058,20,4.6554,2017-12,0,0,0,0,0
218887,233251,11.468,6.4207,2017-12,0,0,1,0,0
219334,233702,13.5,9.7531,2017-12,0,0,0,0,0
219468,233836,18.9,18.9189,2018-01,0,0,0,0,0
219559,233927,25,25,2017-12,0,0,1,0,0
219719,234086,9.5,7.8162,2017-12,0,0,1,0,0
219771,234138,6.8,2.7,2017-12,0,0,0,0,0
219893,234260,29.97,30,2018-01,0,0,0,0,0
219586,233954,29.97,30,0000-00,1,0,1,0,0
220006,234373,25,25,2018-01,0,0,0,0,0
220313,234679,13.5,13.5135,2018-01,1,0,1,1,1
219055,233420,38.07,38.1081,2018-01,0,0,0,0,0
219842,234209,12.2,12,2018-01,0,0,1,0,0
220072,234439,25,14.731,2018-01,0,0,0,0,0
220387,234752,8.1,6.8,2018-01,0,0,0,0,0
220410,234775,19.082,14.4754,2018-01,0,0,0,0,0
220482,234846,25,18.2813,2018-01,0,0,0,0,0
220613,234977,10.8,10.8108,2018-01,0,0,0,0,0
220979,235348,18.5,0.68,2018-01,0,0,0,0,0
220913,235282,30,30,2018-01,0,0,0,0,0
221045,235414,18,18,2018-01,0,0,1,1,1
221182,235551,6.392,1,2018-01,0,0,0,0,0
221529,235897,16.2,16.2,2018-01,1,0,1,0,0
221563,235931,6,2.5625,2018-01,1,0,1,0,0
221642,236010,16.544,16.5,2018-01,0,0,0,0,0
221703,236071,4.8,0.76,2018-01,0,0,0,0,0
221832,236201,4.1,4.054,2018-01,0,0,0,0,0
222101,236470,10.152,4.36,2018-01,0,0,1,0,0
221840,236209,25,25,2018-01,1,0,1,1,0
222290,236658,5.4,5.4054,2018-01,0,0,0,0,0
222489,236858,13.5,8.92,2018-01,1,0,1,0,0
222688,237058,14.006,6,2018-01,0,0,0,0,0
222625,236994,32.4,31.7884,2018-01,0,0,1,0,0
222901,237271,8.1,8.1081,2018-02,1,1,1,1,0
222851,237221,40.5,40.54,2018-01,1,0,1,0,0
222869,237239,5.4,5.4054,2018-01,0,0,1,0,0
221824,236193,38.3,16.3925,2018-01,0,0,0,0,0
223237,237608,40.5,36.4652,2018-01,0,0,0,0,0
222505,236874,40.5,29.0544,2018-01,1,1,1,1,0
223615,237985,7.992,8,2018-01,0,0,0,0,0
223658,238028,25,0.9268,2018-02,1,0,1,1,0
223199,237570,8.93,5,2018-01,1,0,1,0,0
223705,238075,25.7,11.8,2018-02,0,0,0,0,0
223708,238078,25,9.4681,2018-01,1,1,1,1,1
223783,238152,20.022,10.4598,2018-01,0,0,0,0,0
223937,238305,16.2,16.2162,2018-01,1,0,1,1,0
223888,238256,20.3,8.56,2018-01,0,0,0,0,0
223946,238314,23,23,2018-01,1,0,1,0,0
224144,238513,4.1,4,2018-01,1,0,1,0,0
224324,238692,40.5,40.54,2018-01,0,0,0,0,0
224591,238960,17.8,11.5,2018-01,1,0,1,0,0
224593,238962,9.118,7.1199,2018-01,0,0,0,0,0
224716,239085,25,25,2018-01,1,0,1,0,0
224728,239097,10.8,10.8108,2018-01,1,1,1,1,0
224776,239145,21.62,12,2018-01,0,0,0,0,0
224883,239251,14.9,14.8648,2018-01,0,0,1,0,0
224981,239349,29.97,30,2018-01,0,0,0,0,0
225027,239395,40.5,35.9817,2018-01,1,1,1,1,0
225205,239573,1.998,2,2018-02,0,0,0,0,0
222592,236961,15,11.5,2018-01,0,0,0,0,0
225294,239662,25.38,10,2018-02,0,0,0,0,0
225564,239931,4.982,4.9999,2018-02,0,0,0,0,0
225682,240049,25,25,2018-02,0,0,0,0,0
225774,240141,17.6,13,2018-02,0,0,0,0,0
226020,240386,25,5.4,2018-02,0,0,0,0,0
225760,240127,70,13.3375,2018-02,0,0,0,0,0
225902,240268,5.4,5,2018-03,0,0,0,0,0
225947,240313,38.07,38.1081,2018-02,1,0,1,0,0
226169,240535,12.69,12.5,2018-02,1,0,1,1,1
226586,240954,25,25,2018-02,0,0,0,0,0
226725,241093,25,25,2018-02,0,0,0,0,0
226772,241140,12.2,7.5747,2018-02,0,0,0,0,0
226568,240936,40.5,40,2018-02,1,0,1,0,0
226920,241290,3.008,1.8,2018-02,1,1,1,1,1
226927,241297,25,25,2018-02,0,0,0,0,0
226955,241325,5.4,5.4054,2018-02,1,0,1,0,0
226578,240946,30,14,2018-02,1,0,1,0,0
227082,241452,8.93,8.3905,2018-02,0,0,0,0,0
227215,241585,25,25,2018-02,0,0,1,0,0
227597,241963,16.544,15,2018-02,0,0,0,0,0
227687,242053,6.392,3.5,2018-02,0,0,1,0,0
227846,242212,2.7,2.7027,2018-02,1,0,1,1,1
227880,242246,17.2,17.2,2018-03,0,0,0,0,0
228003,242368,9.2,8.5,2018-02,0,0,0,0,0
228087,242452,21.6,21.6,2018-02,0,0,0,0,0
227973,242338,17.02,17,2018-02,1,0,1,0,0
228476,242842,18.9,18.9189,2018-03,0,0,0,0,0
228499,242865,20,5.2345,2018-03,0,0,0,0,0
228750,243116,6.8,6.7567,2018-03,1,0,1,0,0
228632,242998,6.2,6.2,2018-04,1,0,1,0,0
228667,243033,6.8,6.7567,2018-03,0,0,0,0,0
228757,243123,9.5,9.4594,2018-03,1,1,1,1,1
228772,243138,20,20,2018-03,0,0,0,0,0
228774,243140,7.614,7.5,2018-03,0,0,0,0,0
228781,243147,8.93,8.8,2018-03,0,0,0,0,0
228817,243181,16.206,16.2,2018-03,0,0,0,0,0
229060,243424,8.1,8.1081,2018-03,0,0,1,0,0
228882,243246,18.9,18.9189,2018-03,0,0,0,0,0
228945,243309,17.982,18,2018-03,0,0,0,0,0
229005,243369,23.5,15,2018-03,0,0,0,0,0
229168,243533,20,20,2018-03,0,0,0,0,0
229180,243545,2.538,2.5405,2018-03,0,0,0,0,0
229307,243671,3.5,1.4886,2018-03,0,0,1,0,0
229400,243764,12.69,3.4592,2018-03,1,0,1,0,0
229401,243765,21.6,21.6,2018-03,0,0,0,0,0
229680,244044,2.538,1.2324,2018-03,1,1,1,1,0
229953,244317,7.992,3,2018-03,0,0,0,0,0
229734,244098,16.2,16.2162,2018-03,0,0,0,0,0
230295,244658,10,10,2018-04,1,0,1,0,0
230461,244824,8.93,8.8918,2018-03,0,0,0,0,0
230463,244826,24.158,16.4,2018-03,0,0,0,0,0
230472,244835,31.9,15.4547,2018-03,0,0,0,0,0
230906,245321,4.2,0.92,2018-03,0,0,1,0,0
230942,245357,20,13.4705,2018-03,0,0,0,0,0
230829,245244,34.31,35.2,2018-03,1,0,1,0,0
230912,245327,4.1,4.054,2018-03,0,0,0,0,0
230508,244871,40.5,40.5405,2018-03,0,0,0,0,0
231149,245564,35.532,35,2018-03,0,0,0,0,0
231325,245741,12.69,12.7,2018-03,1,0,1,0,0
230950,245365,20.3,20,2018-03,0,0,0,0,0
231468,245884,10.8,10.8108,2018-03,0,0,0,0,0
231537,245955,25.7,5,2018-03,0,0,0,0,0
231458,245874,15,15,2018-03,0,0,0,0,0
231471,245887,35.908,13.1164,2018-03,0,0,0,0,0
231479,245895,6.8,6.7567,2018-04,1,0,1,0,0
231690,246108,10.8,10.1621,2018-03,0,0,0,0,0
231855,246273,25,25,2018-03,0,0,0,0,0
232093,246511,2.7,2.7,2018-03,0,0,0,0,0
231880,246298,25,25,2018-04,0,0,0,0,0
232509,246926,17.6,15,2018-03,0,0,0,0,0
232540,246957,10.8,5,2018-04,0,0,0,0,0
232666,247083,25,25,2018-03,0,0,1,1,0
232722,247139,19.98,15.9653,2018-04,0,0,0,0,0
232895,247313,4.1,4,2018-03,0,0,0,0,0
232364,246781,10.152,10.1621,2018-04,1,1,1,1,0
232977,247395,16.2,16.2162,2018-04,0,0,0,0,0
233244,247661,23,14.28,2018-04,1,0,1,0,0
233366,247783,15.228,3.7288,2018-04,1,1,1,1,1
233447,247864,6.8,6.7567,2018-04,0,0,0,0,0
233449,247866,12.2,12.1621,2018-04,0,0,0,0,0
233627,248044,24.3,20,2018-04,0,0,0,0,0
233780,248196,6.392,6.3513,2018-04,1,0,1,0,0
234004,248424,12.2,12.1621,2018-04,0,0,0,0,0
233732,248148,40.5,40,2018-04,0,0,0,0,0
234244,248672,25,25,2018-04,0,0,0,0,0
234300,248728,4.1,4.054,2018-04,0,0,0,0,0
233905,248325,17.6,13.78,2018-04,1,1,1,1,1
234065,248485,22.422,22.4,2018-04,0,0,0,0,0
234290,248718,14.9,14.5,2018-04,1,0,1,0,0
234418,248846,6.8,6.7567,2018-04,0,0,0,0,0
234430,248858,20.3,20,2018-04,0,0,0,0,0
233903,248323,14.9,14,2018-04,0,0,0,0,0
233931,248351,40.5,40.5405,2018-04,1,0,1,0,0
234965,249394,29.97,14.7762,2018-04,0,0,0,0,0
235264,249691,4.4,4.3617,2018-04,0,0,0,0,0
235363,249790,35,14.5436,2018-04,0,0,0,0,0
235381,249808,25,25,2018-04,0,0,0,0,0
235384,249811,21.62,20,2018-04,0,0,0,0,0
235472,249901,29.97,30,2018-04,0,0,0,0,0
235853,250282,19.082,19,2018-04,0,0,0,0,0
235661,250088,14.9,9.7198,2018-04,0,0,0,0,0
235964,250392,25,1.8629,2018-05,0,0,0,0,0
236250,250678,16.8,5.3332,2018-05,1,1,1,1,1
236151,250579,10.8,10.81,2018-04,0,0,0,0,0
236890,251318,12.2,12.1621,2018-04,0,0,0,0,0
236942,251370,30.456,30,2018-05,0,0,0,0,0
237495,251923,7.03,7,2018-05,0,0,0,0,0
237706,252133,12.2,12,2018-05,0,0,0,0,0
237838,252265,25,25,2018-05,0,0,0,0,0
237905,252332,8.93,8.8,2018-05,0,0,0,0,0
237950,252377,5.4,5.4054,2018-05,0,0,0,0,0
238003,252430,21.6,21.6216,2018-05,0,0,0,0,0
238202,252629,12.69,10,2018-05,0,0,0,0,0
238228,252654,12.69,12,2018-05,0,0,0,0,0
238416,252843,3.854,3.8108,2018-05,0,0,0,0,0
238236,252662,25,,2018-06,0,0,0,0,0
238943,253374,14.9,14.86,2018-05,0,0,0,0,0
239031,253462,8.1,8.1081,2018-05,0,0,0,0,0
239227,253657,25,25,2018-05,0,0,0,0,0
239455,253883,25,25,2018-05,0,0,0,0,0
239320,253750,5.994,1,2018-05,0,0,0,0,0
239199,253629,9.5,9.4,2018-05,1,0,1,0,0
240153,254579,27,2.0001,2018-05,0,0,0,0,0
240607,255033,25,9.1,2018-05,0,0,0,0,0
240613,255039,12.2,12.16,2018-05,1,1,1,1,0
240819,255245,12.69,12,2018-06,0,0,0,0,0
240859,255286,4.1,4.054,2018-05,0,0,0,0,0
240871,255297,3.854,3.8108,2018-05,1,0,1,0,0
240884,255310,8.1,8.1081,2018-05,0,0,0,0,0
241145,255572,18.5,18.5,2018-05,0,0,0,0,0
241166,255593,3.854,1.23,2018-05,0,0,0,0,0
241212,255639,5.994,2.1219,2018-06,0,0,0,0,0
241310,255735,25,25,2018-05,0,0,0,0,0
241333,255758,23,15,2018-05,0,0,0,0,0
241630,256055,11.988,7,2018-06,0,0,0,0,0
241820,256245,7.238,2.6792,2018-06,0,0,0,0,0
241967,256392,12.69,12.7,2018-06,1,1,1,1,0
241801,256226,21.62,21.5999,2018-06,0,0,0,0,0
242056,256481,3.854,3.8,2018-06,1,0,1,0,0
242115,256540,9.99,10,2018-06,0,0,0,0,0
241693,256118,15.228,15.2432,2018-06,0,0,0,0,0
242215,256640,4.1,4.054,2018-06,0,0,0,0,0
242160,256585,14.9,14.8648,2018-06,0,0,0,0,0
242355,256780,21.6,8.275,2018-06,1,0,1,0,0
242060,256485,40,40,2018-06,0,0,0,0,0
242620,257045,23.4,15.65,2018-06,0,0,0,0,0
242943,257368,9.99,10,2018-06,0,0,0,0,0
243125,257550,10.8,10.8108,2018-06,0,0,0,0,0
243380,257805,25,13.7883,2018-06,0,0,0,0,0
243069,257494,15.228,15.2432,2018-06,0,0,0,0,0
243428,257853,13.5,13.5,2018-06,1,0,1,0,0
243348,257773,23.5,23.5,2018-06,0,0,0,0,0
243387,257812,27,20,2018-06,0,0,0,0,0
243496,257920,18.8,10.5179,2018-06,0,0,0,0,0
243850,258274,1,1,2018-06,0,0,0,0,0
243693,258117,8.1,6.9,2018-06,0,0,0,0,0
244620,259054,25,25,2018-06,1,0,1,0,0
244222,258658,9.028,5.8168,2018-06,0,0,0,0,0
244578,259012,6.8,6.7567,2018-06,0,0,0,0,0
244600,259034,25.38,25,2018-06,0,0,0,0,0
245013,259447,17.6,17,2018-06,0,0,0,0,0
243705,258128,34.968,20,2018-07,0,0,0,0,0
245326,259760,25,10.8674,2018-07,0,0,0,0,0
245576,260010,13.724,13.5,2018-07,0,0,0,0,0
245582,260016,17.766,14,2018-07,0,0,0,0,0
245658,260092,8.93,7.4914,2018-07,0,0,0,0,0
245980,260415,2.538,2.54,2018-07,0,0,0,0,0
245647,260081,29.986,29.9999,2018-07,0,0,0,0,0
246015,260450,25,16.3329,2018-07,0,0,0,0,0
246076,260510,25,25,2018-07,0,0,0,0,0
246528,260986,17.2,17,2018-07,0,0,0,0,0
246787,261245,20.304,7.6783,2018-07,0,0,0,0,0
246900,261358,18.9,18.9189,2018-07,0,0,0,0,0
247293,261751,19.98,20,2018-07,0,0,0,0,0
247354,261812,10.8,10.8108,2018-07,0,0,0,0,0
247381,261839,27,27.027,2018-07,0,0,0,0,0
248249,262708,10.8,10.8108,2018-07,0,0,0,0,0
247845,262305,13.5,7.3386,2018-07,0,0,0,0,0
248314,262773,4,4,2018-07,0,0,0,0,0
247614,262072,30,30,2018-07,0,0,0,0,0
248400,262860,40.5,,2018-08,0,0,0,0,0
248415,262875,2.7,2,2018-07,0,0,0,0,0
248426,262887,27,3.1998,2018-07,0,0,0,0,0
248548,263010,2.7,1.5198,2018-07,0,0,0,0,0
248737,263200,25,9.3218,2018-08,0,0,0,0,0
248789,263251,3.034,3,2018-07,0,0,0,0,0
251895,266383,25,25,2018-09,0,0,0,0,0
253216,267702,7.03,7,2018-09,0,0,0,0,0
253222,267708,16.2,15,2018-09,0,0,0,0,0
253308,267794,19.98,20,2018-09,0,0,0,0,0
252931,267421,27,18.2,2018-09,0,0,0,0,0
253430,267916,19.082,19,2018-09,0,0,0,0,0
253858,268344,4.1,4.054,2018-09,0,0,0,0,0
253922,268408,29.97,17.8395,2018-09,0,0,0,0,0
254213,268699,25,25,2018-09,0,0,0,0,0
254262,268748,16.2,9.116,2018-09,0,0,0,0,0
254417,268903,25,25,2018-09,0,0,0,0,0
254281,268767,18.9,4.5498,2018-09,0,0,0,0,0
253741,268227,33.8,16.4858,2018-09,0,0,0,0,0
243767,258191,40,39.9999,2018-06,0,0,0,0,0
125255,139242,80,80,2016-08,0,0,0,0,0
163004,177185,25,25,2017-01,0,0,0,0,0
198615,212927,7,7,2017-08,0,0,0,0,0
224440,238809,8,7.9999,2018-02,0,0,0,0,0
