transport_id,fluctuate_amt_w,punish_normal_amt,loan_cnt,atv,cash,max_active_days
163140,11.86525018,5,0,73.61346041,2868.23,376
163140,11.86525018,0,0,79.59324895,1033.63,590
163172,2.727532663,0,0,479.907185,NA,132
163172,2.727532663,3,0,43.6687127,NA,590
163226,68.27627202,9,7,1842.686683,8153.25,316
163253,1.295726659,13,0,100.1589235,825.43,772
163274,219.813196,11,5,816.5375997,64969.52,772
163539,2.07377766,0,0,244.21875,NA,72
163539,2.07377766,0,0,249.9092308,NA,164
163846,75.31273329,0,2,1738.501671,12224.19,774
163867,17.3118818,0,8,1158,147.98,774
163971,203.1991555,3,8,355.7740447,1111.33,592
163971,203.1991555,2,4,202.9505413,597.13,774
164159,8.339179444,1,4,155.8862073,0,593
164159,8.339179444,5,0,227.6372734,362.44,379
164177,307.6393136,15,1,174.7227916,148.78,592
164627,24.35787401,20,3,21.07502097,0,777
164627,24.35787401,10,5,18.80227232,0,777
164987,38.90318819,1,5,369.754186,2011.25,778
165050,7.859244789,25,0,184.6716163,1906.44,596
165320,6.643707328,21,0,201.3276332,NA,780
165320,6.643707328,1,0,271.1088001,NA,779
165479,59.3136465,14,8,202.7241801,255.74,780
165479,59.3136465,5,6,109.3242491,446.48,598
165562,2.35772343,2,4,140.9689219,9852.17,384
165775,5.247873857,11,1,107.238784,246.39,599
165962,8.494115318,18,0,101.0273167,NA,325
166037,34.30942006,2,4,112.042328,9475.31,600
166326,6.573548555,0,1,318.906838,6657.69,235
166464,28.92902373,2,10,71.87158591,2971.51,782
166844,8.620699721,24,0,223.9509086,NA,396
166844,8.620699721,0,3,335.5285616,104.02,792
166915,3.9783737,0,8,148.1483547,2.46,767
167436,11.20305117,18,0,81.82936146,NA,768
167462,18.24563746,5,10,134.0401134,802.16,768
167462,18.24563746,0,10,94.38967584,146.85,372
167537,12.48208258,0,0,108.2988954,NA,768
167590,2.456638548,3,0,123.2088133,NA,588
167859,8.07452749,0,0,386.6808346,2143.59,589
167859,8.07452749,4,0,242.1824561,4.97,374
167957,42.90625929,10,0,53,122.92,770
167957,42.90625929,12,0,55.71633462,294.49,770
168063,10.73414886,6,7,195.792196,5148.77,771
168170,67.98226534,15,9,79.06330071,0,590
168170,67.98226534,0,1,62.96070043,0,254
168435,15.80661353,3,8,65.18675729,337.56,593
168435,15.80661353,3,7,78.11976057,97.35,774
168456,20.50927805,5,0,185,NA,774
168476,2.326881238,25,7,91.35708155,131.27,593
168502,95.73593319,10,0,144.1351386,NA,593
168502,95.73593319,1,9,123.8960205,0,774
168567,6.961094717,2,1,167.7042093,0,774
168567,6.961094717,15,10,168.2339533,0,774
168698,31.02101529,0,6,38.18749366,0,775
168720,74.18419555,6,3,178.2896645,28041.3,594
168720,74.18419555,1,4,194,805.72,775
168804,6.842446634,8,0,20.69977836,NA,196
168831,25.53165312,21,9,102.7029877,0,775
168958,46.61821836,0,2,209.3711384,1617.68,775
168958,46.61821836,0,2,197.0514928,3210.69,594
168967,117.176031,0,0,92.5528275,0,229
168967,117.176031,8,0,70.46693454,0,595
168990,449.1873957,11,10,143.2778667,1.2,595
168990,449.1873957,14,9,194.5772075,5.16,776
169011,2.169057755,23,0,235.0835821,NA,596
169087,4.623794752,1,8,51.75454386,415.47,381
169210,11.09819218,8,9,155.7696522,637.35,596
169210,11.09819218,0,0,148.7095238,221.21,168
169551,8.446754083,15,10,168.2339533,0,774
169551,8.446754083,2,1,167.7042093,0,774
169578,158.5287465,1,6,439.0115559,8335.98,779
169578,158.5287465,2,0,1540.780457,NA,293
169656,44.61650551,2,8,356.7855415,6488.88,780
169656,44.61650551,26,2,213.1699568,316.84,599
169736,9.677461923,15,7,1319.061586,1342.68,780
169876,6.058591895,15,0,218.7534244,NA,781
169970,40.72149748,0,1,105.3496061,0.09,385
169970,40.72149748,6,1,114.1521904,0.56,781
170166,7.708154703,10,5,35.53897302,8717.68,601
170171,25.53070068,20,1,556.3774926,28648.83,386
170290,8.132349958,1,8,444.5146145,5367.91,783
170609,28.07686932,10,4,130.3520372,345.27,388
170609,28.07686932,0,0,230.6826521,530.44,206
170805,6.98121399,10,0,140.5308066,NA,604
171354,17.56072238,15,6,60.417812,0,392
171398,3.956157265,3,8,105.5031946,0.74,788
171599,6.313911194,26,0,94.10231864,NA,608
171599,6.313911194,2,0,98.75465675,NA,789
171604,29.49412465,0,0,105.7912028,NA,180
171604,29.49412465,21,1,69.17556652,6331.02,608
171755,39.76451027,6,0,99.02633566,1434.07,759
171755,39.76451027,19,5,84.47268424,20563.34,759
171777,8.391313081,10,2,40.11710182,36.94,578
171777,8.391313081,0,0,92.83616451,7084.37,273
171879,7.896328752,10,0,220.7996753,NA,334
171879,7.896328752,0,0,290.2081967,NA,212
171969,7.910609183,24,0,38.74882393,1.97,608
172083,6.148472917,5,9,199.4540553,0,760
172087,74.86653183,11,1,121.9180515,16358.64,579
172087,74.86653183,1,1,155.2958676,1880.53,607
172215,5.61618695,2,0,77.32784497,150.3,761
172218,5.803187657,2,9,109.7292727,1472.37,761
172290,3.501586841,24,1,567,415.26,761
172307,8.917504319,0,4,33.56321206,0.33,761
172307,8.917504319,2,4,33.34850818,0.88,761
172395,30.7981813,8,8,48.75637521,0.83,762
172431,9.808888648,3,0,73.83198342,NA,276
172431,9.808888648,0,0,82.01871192,NA,154
172538,12.10083259,4,2,164.0690689,51.83,763
172828,7.219865345,3,9,101.9846008,0.36,584
172948,12.1166027,13,5,343.2806671,232.72,584
172948,12.1166027,10,0,274.5663197,203.16,371
172991,81.29779236,6,9,79.34552862,0,765
172991,81.29779236,7,0,56.16539158,0.15,340
173232,3.771266417,0,0,114.0588183,NA,219
173428,66.01619999,3,4,217.9564142,11950.97,586
173448,14.01671231,8,0,136.7883757,2.34,586
173448,14.01671231,3,4,110.7451099,115.7,767
173552,8.324562948,2,0,248.2449828,8.79,373
173552,8.324562948,0,2,192.6172339,14839.88,586
173863,1.586713629,0,NA,106.6607641,NA,588
174117,11.25325847,2,6,39.57544832,0,589
174241,70.93298273,7,2,97.5114504,29306.17,771
174425,4.249033712,0,0,311.6492147,NA,164
174425,4.249033712,20,0,90.71977592,NA,378
174491,3.105303619,0,0,206.3701221,NA,317
174526,128.9645088,22,3,103.1531369,568.93,772
174731,14.63612828,7,9,175.7092973,1219.52,592
174731,14.63612828,0,4,82.91430438,0.94,287
174733,352.9901928,24,0,1487.849789,NA,379
174926,103.2486551,2,0,326.4665781,NA,288
174926,103.2486551,2,9,550.5296828,7297.49,593
174966,10.18336313,8,7,97.45354172,7.47,774
174966,10.18336313,12,9,81.26609152,4.25,774
175185,658.7672409,21,7,424.9209353,0.36,775
175185,658.7672409,10,0,653.3669752,0.37,594
175211,11.72248518,2,0,106.35267,NA,774
175211,11.72248518,2,0,104.7729445,NA,594
175262,5.588925221,10,8,176.4635563,0,594
175320,14.73995898,8,0,106.3729655,330.75,381
175405,3.409130912,2,0,68.86405631,31.8,776
175405,3.409130912,3,2,90.91890561,3480.76,776
175478,6.458905879,0,0,164.6112352,NA,230
175591,21.08784878,5,2,137.0082577,1449.51,597
175637,7.187128865,9,0,140.5587838,NA,353
175637,7.187128865,10,0,95.14242039,NA,778
175639,13.52271906,0,9,559.7932819,0,778
175944,71.7136594,5,8,1962.301083,54266.33,598
175944,71.7136594,2,1,972.9792084,43878.38,293
175975,15.90833385,0,0,141.9471429,NA,79
175975,15.90833385,2,2,332.8425231,10184.08,598
175993,1.637869204,25,10,120.6044576,2068.65,598
176008,14.77404636,10,9,92.05895377,0.05,598
176008,14.77404636,0,0,87.8404878,0.12,293
176087,18.46786912,0,3,92.78430284,2180.23,386
176087,18.46786912,1,4,100.9660612,4950.75,780
176182,21.53691119,0,0,222.7015921,NA,785
176182,21.53691119,5,0,222.5375135,NA,604
176200,13.59057603,2,3,100.6148728,1345.98,779
176203,20.25933266,2,5,34.30497702,0.24,786
176203,20.25933266,20,2,46.37158296,614.07,786
176283,67.24187935,3,5,179.9276612,0.19,599
176283,67.24187935,0,3,137.3737374,0.07,780
176331,55.70069935,16,0,82.45582809,NA,600
176349,18.33464052,0,0,131.1025106,NA,781
176360,48.32714523,3,9,579.2182579,18908.8,600
176725,22.62938467,2,0,118.0261585,537.51,602
177115,10.1583913,10,0,288.7596876,10221.04,605
177195,162.6955683,11,0,236.4355043,NA,605
177195,162.6955683,8,2,209.8032663,18.75,779
177343,13.78124283,9,3,64.51946262,2307.6,597
177462,183.0617431,4,1,2096.137725,5704.67,606
177702,10.81738828,0,0,63.42163561,NA,272
177702,10.81738828,15,0,48.71510188,NA,394
180699,8.71995002,10,0,48.58595777,5496.35,412
180699,8.71995002,8,0,52.30706044,4048.3,412
180735,328.5693356,9,1,269.2599745,0,412
180735,328.5693356,10,6,242.8581192,0,412
180862,3.302513374,0,6,253.8360151,3032.68,413
180938,7.668321321,2,7,189.8914199,783.82,412
181135,30.15639729,8,10,275.0398969,121.01,414
181138,8.089858835,13,0,104.876429,NA,414
181313,18.81442691,5,3,107.7561072,1132.49,415
181313,18.81442691,0,0,113,575.44,415
181391,15.33787041,3,1,138.8110482,71413.1,416
181505,6.418772859,15,0,156.4083805,13544.01,416
181505,6.418772859,1,0,145.3403777,NA,416
181663,118.1436007,1,3,384.0562386,5724.78,416
181663,118.1436007,0,10,212.5995253,208.52,417
181671,35.35104102,5,6,112.8172219,29230.91,416
181671,35.35104102,14,9,225.8331575,1558.24,416
181705,15.96731089,10,0,78.32907273,1129.26,419
181705,15.96731089,5,7,184.0644452,96.38,419
181915,5.794369105,18,0,82.56155195,NA,418
181915,5.794369105,0,0,79.75557339,515.49,418
181927,38.20014151,0,5,1770.447112,575.93,413
181990,35.72232868,0,3,108.5335465,0.91,419
181990,35.72232868,6,3,113.4753306,0.72,419
182104,918.2136257,31,0,1063.291045,0,419
182104,918.2136257,19,5,366.4593309,NA,419
182218,6.305410056,0,0,911.6738776,NA,420
182218,6.305410056,2,0,647.0012551,2577.83,420
182514,39.28380321,9,4,1923,63732.24,421
182637,13.78742111,18,9,196.2066849,16000.51,421
182672,6.199792802,0,5,186,0,422
182716,5.318682391,24,2,78.20263141,9170.42,422
182728,1.049899366,11,9,55.08748201,0.09,422
183151,14.52151795,0,0,2331.39623,532.95,395
183461,2.186216842,4,1,49.03824504,1059.36,397
183510,39.37318562,0,0,1095,NA,397
183530,16.86755445,14,0,238.7629398,53803.25,397
183530,16.86755445,41,0,107.6928743,76866.55,397
183697,6.244539672,0,0,221.8095203,253.43,398
183967,7.512847086,0,2,205.2029478,1323.32,399
183967,7.512847086,0,0,178.4628598,0.63,399
183973,45.68151076,7,3,391.2206697,40982.26,399
184480,70.39277205,0,5,701.1584228,1634.58,402
184596,14.16596286,0,10,125.272353,1.24,402
184596,14.16596286,0,10,93.10885709,1521.07,403
184790,1.007422478,5,0,128.7339286,NA,404
184802,8.689742334,10,2,105.4071469,443.45,404
184802,8.689742334,8,1,67.50115431,772.56,404
185046,7.189673423,1,5,499.502597,223.55,405
185603,7.926725628,0,10,363.8597159,0.5,408
185603,7.926725628,0,8,352.2674688,0,408
185669,7.344486116,2,10,109.8896999,578.7,398
185743,9.428843029,2,5,137.7291953,1.42,409
185784,17.42792029,5,0,67.21288552,83.1,409
185784,17.42792029,0,0,56.07749446,NA,409
185797,469.0733625,5,0,162.5994874,NA,409
185874,4.583059675,0,0,106.7852304,884.61,409
185936,4.132916806,0,0,253.6006556,2.21,410
185945,26.73272895,16,9,96.00720698,0.63,410
186161,10.31984959,0,1,615.4939573,9957.29,411
186161,10.31984959,4,0,81.3538318,NA,411
186422,16.84356778,17,10,223.3502685,2488.8,412
186422,16.84356778,12,6,213.2158366,0,412
186697,6.56564513,6,0,1528.127588,NA,413
186789,11.97216978,0,5,188.0335824,64.74,413
186813,4.654887107,15,9,1223.745513,505.81,414
186933,19.36555858,0,0,12.9249418,7245.17,414
186933,19.36555858,0,1,13.84078396,8047.45,414
186935,9.364222614,0,0,131.180986,NA,414
186968,4.495381394,0,2,67.48948534,28.79,415
186968,4.495381394,0,0,275.7,NA,416
187139,24.13244034,9,7,518.7142079,149896.8,416
187185,26.69694002,0,5,134.9051128,23172.95,416
187185,26.69694002,6,1,173.3183025,17732.92,416
187200,332.8315122,17,7,54.60050718,0,416
187200,332.8315122,17,8,177.110854,0,416
187228,1.331262176,1,4,190.6216732,95.98,416
187619,82.66038328,5,9,1659.5167,46221.35,418
187758,16.84429053,10,9,145.8011312,0.78,419
188032,17.44067461,0,7,109.8730089,1893.48,418
188079,3.493176646,0,0,392,410.26,420
188105,21.04158124,0,1,220.6152683,0,420
188105,21.04158124,14,5,219.6001854,0,420
188204,3.871545793,27,4,3867.127727,2052.98,421
188204,3.871545793,0,1,3700,12858.38,421
188909,46.97607385,8,8,118.8529942,799.4,396
189058,2.546152516,0,0,117,NA,397
189146,41.7495163,3,8,3324.014124,269.07,398
189342,9.265797296,0,0,83.18282429,1188.77,400
189342,9.265797296,18,0,79.05752592,NA,400
189356,25.66706547,0,10,166.3869582,3680.32,400
189376,1.547700297,0,0,70,NA,400
189634,59.7120065,1,6,752.8561267,0,401
189741,9.320297306,0,10,132.4762277,4679.72,402
189741,9.320297306,5,10,128.9722693,2061.55,402
189863,6.079966589,0,0,86.43767873,NA,402
189941,27.35684026,12,10,282.9250044,0,403
190194,2.293150082,0,1,80.75839277,566.52,404
190238,1.358952131,0,10,78.17781305,28.57,404
190430,13.20394728,6,10,67.61907584,0.87,407
190495,35.15750916,17,9,104.5196394,0,407
190512,11.91728359,2,7,678.8794597,2701.81,407
190512,11.91728359,2,0,79.6644491,4273.98,407
190601,5.757952885,8,0,19.5606356,0,407
190601,5.757952885,2,0,194.2468902,0,407
190870,7.399176428,5,9,115.3140193,44508.77,409
190870,7.399176428,0,0,NA,NA,409
190909,3.788529465,0,0,80.52259,36.7,409
190974,16.92699694,0,5,287.8116,3434.61,409
190974,16.92699694,0,0,161.9195,1902.1,409
191035,31.0383806,6,7,406.6911,4092.6,410
191106,10.97494947,0,4,153,13.1,408
191106,10.97494947,4,9,94.56989,7.16,408
191285,3.012036165,0,0,116.516,216.02,411
191303,5.030841153,23,5,596,336.7,411
191335,89.74902462,10,0,2937.461,0.98,411
191389,6.963363745,8,10,632,4.49,412
191412,18.95249703,0,2,126,38.23,412
191781,29.22925674,25,9,114.645,0,415
191863,11.40454722,15,9,62.3478,1659.57,415
191873,13.22674859,15,10,32.65703,5936.94,415
192024,105.5534978,9,5,77.31007,0,415
192024,105.5534978,7,3,80.19213,0,415
192095,146.5174073,2,7,88.89591,23160.53,416
192246,10.50475159,0,0,114,NA,417
192246,10.50475159,0,9,89.5959,0.15,417
192420,3.965553446,0,4,465.0275,449.57,418
192423,11.32367171,2,0,1494.558,NA,418
192879,46.14380291,0,0,199.1868,267.27,421
192879,46.14380291,2,7,142.189,906.17,421
193039,30.44880537,0,0,137.4779,0,422
193039,30.44880537,0,1,185.2236,48364.82,422
193120,2.969230272,0,1,219.6379,2262.15,422
193357,25.14087173,1,0,760.634,3692.71,424
193359,2.486982628,0,1,180.5498,2145.15,413
193369,58.72969658,8,0,238.4435,NA,423
193431,16.95196791,0,4,903.3909,4650.36,424
193592,8.716085978,2,4,2951.041,7260.36,425
193812,5.755971136,0,0,152,NA,396
193812,5.755971136,10,0,86.3062,3580.95,396
193962,13.24549861,21,10,660.5842,8650.1,397
193971,16.79291342,5,0,138.7413,NA,397
194145,26.25618397,1,8,132.0673,0,399
194145,26.25618397,30,9,24.77312,0,399
194300,2.512362991,0,5,721.3485,2609.31,399
194670,54.73078594,0,0,133.1767,4.65,401
194889,2.206743143,2,4,1166.085,562.95,404
194890,8.75100345,5,0,196.5189,3430.15,404
194949,9.416504156,0,3,237.3213,208.34,404
194949,9.416504156,2,0,128.3489,190.12,404
195035,6.382313822,9,10,104.0163,0,405
195068,29.93865803,1,2,346.9844,39.98,405
195070,105.699089,0,0,104.0082,1519.15,405
195070,105.699089,0,2,145.0726,17274.33,405
195141,6.624227807,5,0,221.276,NA,405
195141,6.624227807,10,0,224.3921,NA,405
195244,8.861963141,2,2,732.9669,117.23,406
195246,47.79321691,1,8,659.4075,700,406
195335,20.2384014,0,9,125.6873,0,406
195335,20.2384014,8,9,153.7423,0.02,406
195442,11.48949024,1,9,364.7177,126.55,407
195660,76.36280716,16,1,224.5771,0,409
195660,76.36280716,1,10,160.9873,0,409
195694,203.5605947,10,0,3106.346,0.08,407
195694,203.5605947,0,0,1770.892,0.73,409
195741,3.41296001,0,2,389,24.82,411
195790,124.6878783,1,1,194.5217,8427.48,410
195790,124.6878783,5,0,241.2222,19013.43,412
195809,40.49695541,9,4,697.7293,0,411
195851,12.58773653,0,10,149.9111,0,398
196183,79.19139066,0,8,360.1316,33883.91,413
196183,79.19139066,0,7,579.3597,79003.72,413
196214,76.75519402,15,0,242.062,12414.2,413
196264,5.512377766,25,10,1383.37,3677.8,413
196362,90.94300248,2,10,236.3348,0,414
196362,90.94300248,9,4,319.9567,78.98,414
196365,25.61947842,0,0,89.53267,NA,414
196365,25.61947842,11,5,134.8717,0,414
196420,9.146908051,0,0,100.162,0.34,414
196442,5.932226311,4,1,141.6051,2226.86,414
196471,63.86933984,9,10,256.8544,0,415
196471,63.86933984,3,10,277.2572,414.04,415
196473,1.820009115,8,0,158.9757,102.79,414
196519,5.228095232,20,0,32.03019,NA,418
196558,18.93578236,0,7,147.8396,5434.65,415
196727,58.52041578,1,10,1242.253,68172.59,418
196732,9.832635266,10,0,148.8352,1117.67,416
196732,9.832635266,7,2,116.5365,380.58,416
196885,27.03929035,0,6,166.2028,4647.37,418
196885,27.03929035,0,5,160.2946,1974.38,418
196979,36.9800572,9,5,2057,27508.91,418
197338,3.534164074,1,5,31.01988,0,420
197378,24.48523095,9,6,266.1016,15.66,420
197378,24.48523095,1,1,320.9647,16103.46,420
197627,6.461136529,8,10,149.6487,0,422
197737,7.717472205,13,0,106.5046,NA,425
197891,8.426020587,0,0,150.9551,17063.24,425
197894,10.57255659,0,6,574.0977,4407.01,425
197952,5.962785353,0,0,963.0713,0.69,425
198172,5.762785154,0,0,393.9951,45.99,398
198223,43.5529933,7,6,93.32011,4581.06,398
198225,5.691066021,10,10,56.53555,4.12,397
198240,0.665696574,0,3,251.1133,3882.07,397
198263,28.25484659,1,3,133.1816,6348.49,414
198263,28.25484659,0,0,186,NA,397
198373,11.89421889,0,7,156.9642,11745.13,398
198508,83.35652583,11,3,169.7205,30171.22,399
198508,83.35652583,9,6,146.8693,23958.93,399
198615,6.722597638,0,0,225.9424,NA,400
198718,13.4102328,0,1,1119.584,0,401
198718,13.4102328,0,0,197.6851,100,401
198760,38.96273739,9,10,251.4665,1.19,401
199043,8.56926943,0,5,373.1026,1.62,403
199043,8.56926943,0,6,376.3858,3.16,403
199308,15.65179328,8,3,269.9756,0,405
199327,6.721440066,0,9,250.2673,1158.35,405
199375,694.5951251,0,4,965.4893,1731.48,422
199394,3.380423528,0,0,127.2113,187.76,405
199394,3.380423528,0,3,133,198.72,405
199448,23.16621668,12,7,208.8915,0.67,405
199448,23.16621668,17,9,209.1471,0.62,405
199720,97.37049382,2,8,441.2067,6266.18,408
199793,8.480461137,10,1,90.59905,2.16,409
199793,8.480461137,19,5,70.66316,4921.12,409
199794,27.01921011,0,9,38.81117,0.7,405
199939,5.858966035,0,0,108.7658,0.41,410
199977,16.07721719,1,9,571.2978,4707.48,410
200107,239.053257,3,10,1364.094,93.69,410
200107,239.053257,6,10,3188.406,52.87,410
200128,10.30890952,3,5,145.4033,2.26,411
200128,10.30890952,3,3,133.3629,857.86,411
200311,12.98213926,0,0,46.7496,NA,411
200311,12.98213926,1,4,74.224,0,411
200669,42.78943978,17,7,158.1519,65.42,414
200872,4.814567334,12,5,308.2502,7975.27,416
200974,10.99663945,0,8,146.3314,6225.74,416
200992,108.0214514,2,7,1049.475,15594.76,416
200992,108.0214514,5,10,1859.223,0,416
201092,23.36013878,1,3,1376.749,497.15,418
201160,59.31941811,18,9,176.8632,5646.22,417
201160,59.31941811,0,1,45.33157,2120.76,417
201245,49.21084202,7,10,405.5643,336.62,418
201266,193.9275262,15,1,108.9625,513.58,418
201526,4.258149143,15,8,1246.659,72.38,419
201617,3.722471892,4,5,58.20893,5.57,420
201617,3.722471892,0,0,606.8246,NA,420
201944,19.33966621,0,6,103.7918,30912.41,423
201944,19.33966621,1,3,98.846,31885.86,423
202025,19.68269606,21,3,108.9939,16.34,424
202459,35.33785144,16,9,107.9702,0.39,396
202485,1.548757898,0,0,121.676,NA,396
202764,10.33137858,0,3,1857.6,0,400
202811,1.182960478,0,0,130.5643,NA,399
202811,1.182960478,5,0,253.5562,559.54,399
202850,3.427149772,0,0,109.7127,95.31,399
202976,8.455503768,0,7,131.6876,3817.5,401
202988,16.53151698,0,4,88.87606,2078.43,400
202988,16.53151698,6,7,327.9736,0,400
203074,16.27453371,2,0,288.9039,NA,401
203075,3.088948163,0,3,248.1954,0.75,400
203117,63.98560706,5,10,193.3251,2745.08,401
203117,63.98560706,20,10,51.97214,533.05,401
203131,6.451990674,0,1,83.98045,14153.41,401
203131,6.451990674,1,2,57.78847,1387.37,401
203176,11.40423952,0,10,25.96105,0.2,401
203229,1.275412947,0,0,101.8906,NA,401
203229,1.275412947,1,0,119.2259,NA,401
203269,1.726716649,1,7,200.0205,704.41,402
203461,7.832783045,0,0,28.13734,2288.66,403
203461,7.832783045,0,0,26.50215,NA,403
203641,34.59958879,3,7,3172.859,34306.06,405
203741,96.32435736,5,6,119.0964,11741.54,409
203741,96.32435736,3,0,138.1578,6812.51,409
203743,15.26935295,0,1,90.44072,59.9,405
203798,6.681036436,5,10,119.5548,88.89,406
203798,6.681036436,0,10,121.2186,0,406
203807,6.421225104,5,8,110.0582,948.16,399
203807,6.421225104,0,0,129.898,NA,399
204069,16.29825635,6,10,71.61356,0,408
204081,80.11978142,0,8,77.43924,0,408
204081,80.11978142,3,0,90.28476,NA,408
204137,49.33161224,0,5,595.6654,666.6,408
204186,82.78958079,8,0,100.2681,NA,407
204186,82.78958079,3,10,67.28485,0,407
204259,4.081497249,0,0,180.3439,9.67,409
204358,4.903840916,8,3,105.6738,207.48,409
204424,70.92868194,5,10,1923.775,10126,410
204592,7.716785564,0,7,76.20421,5690.45,411
204647,4.362897901,0,0,34.34977,669.07,411
204647,4.362897901,0,0,34,NA,413
204887,2.661176907,0,0,149.437,1613.11,413
204895,5.5444293,0,0,216.1522,1116.85,414
204895,5.5444293,3,0,145.8168,NA,414
205044,83.86806131,5,0,174.8347,NA,414
205066,15.35464821,0,0,206.559,49.91,414
205162,33.16236974,6,9,391.3328,0.08,414
205173,10.59603212,8,0,652,NA,415
205173,10.59603212,0,4,637.1804,808.26,415
205249,35.90083648,2,0,104.6096,7674.48,415
205249,35.90083648,0,0,98.87797,4158.58,415
205328,32.8874519,2,4,147.7652,719.24,415
205328,32.8874519,0,1,163,45,415
205380,73.03086295,5,10,94.80284,15.32,416
205380,73.03086295,14,10,196.3148,124.64,416
205394,36.45797923,0,10,91.54528,0.83,416
205394,36.45797923,17,10,96.91736,0,416
205470,39.44498231,11,0,478.1623,NA,416
205470,39.44498231,0,8,432.8893,3667.89,416
205570,5.630900019,0,4,3320.51,12692.94,417
205671,34.98638352,2,0,87.93074,23149.13,417
205671,34.98638352,2,7,842.9758,569.95,417
205702,259.5842485,11,9,71.23997,0,417
205702,259.5842485,6,10,62.85538,0,417
205707,49.16531013,9,9,195.5929,354.63,417
205804,2.343661789,0,0,28.68273,29.79,420
205833,2.991472013,14,0,236.3787,0,419
206029,12.4071659,0,1,129.7719,16408.18,421
206029,12.4071659,6,8,159.6802,51.71,417
206039,6.764445029,3,0,69.12633,1087.48,420
206039,6.764445029,2,0,79.33646,878.5,420
206140,39.73836545,4,10,271.4167,2031.49,420
206271,9.500266982,12,1,54.29351,1313.51,421
206271,9.500266982,4,1,154.8562,770.28,421
206299,26.56906437,0,7,140.0271,17242.13,421
206299,26.56906437,6,6,168.8512,11541.03,421
206396,5.000256532,0,8,181.7502,0,422
206396,5.000256532,0,9,168.227,0,422
206635,165.7569679,0,3,1846.771,145215,423
206712,657.7905701,0,0,1157.556,NA,423
206712,657.7905701,0,1,892.1136,111945,423
206721,3.917097918,0,10,30.09207,3136.84,423
206786,84.83417004,0,3,200.3782,202.55,424
206786,84.83417004,0,0,72.91993,NA,424
206969,209.0437071,5,3,2247.238,83.79,422
207067,23.67058516,0,10,928.9005,282.22,423
207298,63.65319647,2,10,86.96925,2623.15,420
207386,3.37834838,0,3,171.2719,2097.68,403
207450,42.38855935,0,6,154.2757,19942.95,403
207450,42.38855935,0,6,151.5591,32274.16,403
207469,116.7957448,0,0,1603.797,NA,404
207631,518.8956447,0,0,425.9737,32600.45,404
207631,518.8956447,2,3,378.6469,82189.79,404
207756,20.2928333,0,0,784.1182,3505.26,404
207794,5.233597157,0,7,172.9887,340.24,405
207884,72.56621801,0,1,255.3699,0,405
207889,57.92274759,0,7,2125,7282.25,405
208160,17.20146121,2,10,69.54021,54.32,406
208216,2.933859126,0,0,134.2289,365.87,407
208312,59.62958672,0,10,117.7217,0,407
208312,59.62958672,0,9,280.7538,11820.4,407
208398,30.57346973,0,0,1133.757,NA,408
208398,30.57346973,0,0,1900.381,NA,408
208536,7.935515801,0,3,165.5849,2640.59,409
208536,7.935515801,0,1,153.3777,35.62,409
208560,5.239634915,0,0,427,0.47,410
208560,5.239634915,0,4,513.3506,0,410
208636,360.056875,1,10,245.5484,0.14,410
208636,360.056875,0,0,479.8662,7.9,410
208660,115.5725735,6,3,157.6525,10449.94,404
208660,115.5725735,0,0,194.4014,NA,404
208798,74.32116201,0,6,492.9075,0,411
208798,74.32116201,0,9,223.6605,0,411
208800,5.061290208,0,10,177.1384,594.81,411
208800,5.061290208,0,10,182.9636,4552.85,411
208960,60.7501196,6,0,300.7328,NA,412
208960,60.7501196,0,0,197,NA,412
209006,58.05327652,0,9,84.13116,256.51,412
209006,58.05327652,0,10,157.0914,0.69,412
209061,18.06249694,0,2,218.1036,7539.87,415
209139,1.822225584,0,0,105.4078,921.54,413
209177,7.644073084,0,0,267,NA,413
209203,13.21061338,0,4,203.9553,960.73,413
209203,13.21061338,0,2,311.9231,3555.09,413
209211,8.071123417,0,0,1787.791,26.41,413
209406,18.17467102,0,2,243.6884,3730.94,414
209406,18.17467102,0,6,154.1576,17473.62,414
209418,811.4406288,0,3,436.7461,317.57,384
209441,6.990401699,0,8,49.67707,0,384
209447,13.67177588,0,10,74.0774,20.24,414
209512,2.150094558,0,1,388.5801,2545.49,415
209512,2.150094558,0,0,281.8225,NA,415
209555,86.95995829,0,3,1700.232,0,415
209610,2.660959932,0,6,108.6098,0.7,397
209627,31.74980951,0,10,256.4967,6547.56,416
209627,31.74980951,0,10,229.9956,0,416
209705,12.68441873,0,10,158.9743,154.83,417
209709,71.39201215,0,10,333.3378,3122.43,417
209709,71.39201215,0,5,558.2925,93.39,417
209723,10.69893173,0,7,359.8335,147.85,417
209766,29.7425123,0,1,172,0,417
209766,29.7425123,0,0,387,0,417
209775,17.86041833,0,10,80.67195,560.42,417
209824,293.3429144,0,2,348.705,9564.55,416
209824,293.3429144,0,0,290.0018,NA,416
209903,13.72979465,0,1,1753.832,0,408
210186,27.01522188,0,6,148.9118,8642.32,419
210186,27.01522188,0,8,136.921,2565.16,419
210256,3.032050716,0,2,166.8201,682.28,420
210263,41.30496693,0,2,852.5711,12358.73,420
210275,10.21156477,0,0,111.4301,NA,421
210839,16.77098326,0,0,54.93103,NA,424
210839,16.77098326,0,10,137.2915,6320.34,424
210905,48.31388138,9,10,252.222,0,424
210905,48.31388138,3,10,274.1118,685.97,424
210989,7.025484272,0,9,163.6241,1213.71,424
210989,7.025484272,0,5,159.0151,2613.9,424
211167,27.38159433,0,0,152.0503,NA,398
211167,27.38159433,0,8,547.1084,0.8,425
211193,11.94914241,4,0,245.269,NA,396
211217,8.165197344,0,1,164.9581,2334.4,396
211217,8.165197344,0,7,172.0117,2464.2,396
211231,9.813979946,0,0,59.73033,NA,422
211231,9.813979946,0,0,46,NA,422
211255,684.2027358,0,9,52.58544,0,396
211255,684.2027358,0,10,213.7212,0,396
211277,6.904011738,0,0,99.36029,1025.26,396
211277,6.904011738,0,0,145,24.19,396
211325,31.70255562,0,1,440.3138,9003.36,396
211372,6.10809085,0,0,82.8268,NA,396
211372,6.10809085,0,1,719.0146,17.3,396
211387,10.06153411,0,0,122.9257,NA,396
211399,47.05722311,0,0,2042.5,NA,397
211399,47.05722311,0,1,1630.051,59.38,397
211413,4.532679825,2,10,94.80701,0.23,397
211469,26.69748257,0,1,325.9519,0.37,397
211521,18.28365206,4,1,19.67245,18068.87,397
211560,6.952767209,0,2,197.8944,12386.84,397
211610,95.75788518,0,0,108.9738,NA,398
211610,95.75788518,2,7,115.4804,34.85,398
211640,59.75919538,0,3,1627.678,0,398
211681,27.95663158,0,1,186.1512,17301.22,416
211681,27.95663158,0,3,188.7287,16493.7,416
212060,7.540323198,0,0,301.1824,445.48,401
212165,5.169198522,0,0,210.3797,NA,402
212165,5.169198522,0,0,149.9941,NA,402
212166,6.421103203,0,10,103.1423,2211.78,402
212260,126.6111023,0,4,2002.66,245909,402
212324,23.70330079,0,10,113.0406,835.85,403
212324,23.70330079,0,0,97.09251,NA,403
212427,643.600721,8,7,2087,545,403
212437,9.23443858,0,0,104.0509,5.83,403
212437,9.23443858,0,1,102.6,2.7,403
212632,37.88337055,0,4,234.9611,30828.74,423
212632,37.88337055,0,0,276.3674,NA,423
212648,1.147350108,3,2,79.47709,0.55,404
212661,2.813218682,0,1,108.0179,568.05,404
212679,0.408624216,0,0,573,0.07,405
212685,5.259149026,0,1,107.8628,10061.64,405
212685,5.259149026,0,1,88.32041,254.64,405
212709,89.4025198,0,7,1451.128,0,405
212813,3.040255329,0,6,127.8973,82.77,405
212851,16.94955314,0,0,105.1145,NA,408
213059,12.70654828,0,0,141.6504,5557.18,408
213085,1.117513651,0,0,172.4584,NA,408
213140,96.14823614,0,0,3216.458,NA,409
213140,96.14823614,0,0,366.1164,NA,409
213167,10.48366773,0,10,25.73235,0,409
213255,207.6481764,0,0,144.8072,0,410
213255,207.6481764,0,10,235.1753,0,410
213439,17.68015067,0,8,221.7367,42842.27,411
213593,35.85377505,0,8,112.6004,0.08,412
213755,5.504327194,0,1,58.59766,3087.54,414
213964,101.2676956,0,10,839.294,0,416
214051,6.321944636,3,6,319.5879,628.04,416
214056,17.57538919,0,9,147.4083,4718.6,416
214111,3.844109929,0,0,84.07731,NA,416
214111,3.844109929,0,0,96.69511,69.51,416
214114,7.753685521,2,3,45.79501,10609.82,417
214114,7.753685521,0,5,92.62846,8931.42,417
214170,21.31005451,0,1,771.642,271.3,415
214274,26.32296265,0,10,194.7915,29.86,417
214274,26.32296265,0,10,211.1135,0.05,417
214404,65.70683395,0,8,102.3025,39.23,416
214404,65.70683395,0,6,148.014,8984.34,415
214478,14.11453411,3,1,46.21012,6196.35,418
214478,14.11453411,0,1,30.03718,635.16,418
214561,31.36473383,0,3,1401.177,137.85,419
214575,6.379157297,0,7,338.1038,5364.4,419
214586,69.61929441,0,9,330.7566,39608.76,419
214664,2.886137159,0,4,894,0.38,420
214821,44.13346467,0,2,178.1071,108.92,422
214821,44.13346467,0,2,1041.226,513.6,422
214975,10.8076188,0,0,473.558,NA,422
214975,10.8076188,0,1,390.5676,7431.74,422
215018,14.45675931,0,3,297.1173,4670.05,423
215025,11.03194924,0,10,25.73235,0,409
215025,11.03194924,0,0,25.8306,NA,423
215168,21.9404571,8,1,68.93116,13644.29,424
215168,21.9404571,12,1,58.04543,13475.04,424
215218,47.68395903,0,3,110,7369.65,424
215218,47.68395903,0,3,265.8295,3528.64,424
215380,21.93700503,0,7,1143.538,0,425
215448,9.352056573,0,0,81.57831,357,395
215448,9.352056573,6,0,78.51783,14.84,395
215451,30.38917933,0,0,1212.994,NA,395
215451,30.38917933,4,0,1901.427,NA,395
215455,63.44925607,0,7,474.5204,710.4,395
215489,44.57982942,0,1,196.1653,2353.47,420
215489,44.57982942,0,1,217.4984,2879.48,420
215555,4.467522097,12,10,316,0.79,398
215689,4.597744826,0,3,383.4552,170.6,397
215761,8.907448092,8,10,17.8462,221.06,398
215800,3.178946605,6,9,61.02142,1729.5,398
215935,6.140710077,0,0,108,NA,399
216017,8.912443576,0,9,239.6092,5477.62,399
216063,3.777078251,8,6,88.8864,63.46,399
216063,3.777078251,0,0,96.65123,6914.55,400
216149,8.013862632,0,3,465.8813,0,400
216210,7.424406838,0,0,82.99942,NA,400
216248,38.68542398,35,9,1079.364,118.01,400
216248,38.68542398,0,2,999.6396,49963.85,400
216282,66.95536929,0,0,273.9446,NA,401
216282,66.95536929,0,5,179.9662,2650.91,401
216291,28.8971607,0,5,167.9997,21198.4,400
216291,28.8971607,1,1,198.4663,22367.55,400
216319,6.564519182,0,0,96.14798,47,401
216319,6.564519182,0,0,155.8273,0.55,401
216332,19.51674691,1,6,100.7079,33597.43,401
216332,19.51674691,0,6,109.7565,7877.6,401
216418,30.99211124,0,3,161.2311,13871.73,401
216418,30.99211124,0,3,130.807,11889.65,401
216482,7.878388252,9,4,609.7894,0,402
216748,18.53779242,0,2,444.1466,61939.49,404
216881,6.922777484,0,9,245.5083,0,405
216889,6.207528494,0,4,246.0947,248.61,405
216920,5.752725183,0,2,72.70544,2462.11,405
216983,38.94880448,16,0,146.0101,NA,402
216983,38.94880448,0,0,403.4369,NA,402
217007,29.45499823,0,8,78.17802,0,405
217007,29.45499823,0,2,55.37101,2549.5,405
217060,45.56413691,4,9,276.4265,13275.07,406
217124,221.3082346,3,7,3413.038,31665.12,406
217126,5.854192386,0,1,275.9345,4680.94,406
217174,5.176242187,0,0,87.18275,NA,406
217174,5.176242187,0,0,97.83299,NA,406
217263,6.661537269,5,2,58.99151,4068.96,407
217263,6.661537269,0,1,34.99752,1012.4,407
217267,10.22499768,18,8,108.912,0,407
217267,10.22499768,0,5,89.9732,543.84,407
217337,59.49779928,7,0,361.6928,2645.82,407
217403,15.549829,6,10,74.64178,89.54,408
217432,90.32881894,2,6,72.21467,2186.41,408
217432,90.32881894,0,5,46.23855,681.21,408
217696,13.74034781,13,7,56.47547,8709.5,409
217810,3.22966392,0,1,88.31809,4923.38,412
217869,12.12174007,0,10,137.6581,0.88,412
218098,112.7820007,0,10,295.7124,52769.3,413
218098,112.7820007,0,10,543.4046,28957.7,413
218290,66.12079054,16,8,214.2271,0,414
218290,66.12079054,NA,10,357.6849,0.01,414
218303,2.52154993,0,5,106.5511,182.34,414
218658,1.380061986,0,9,165.3862,154.56,415
218694,41.54303207,9,6,673.6748,1585.69,404
218795,88.39573564,0,4,296.7799,660.8,416
218795,88.39573564,11,0,474.9492,1658.34,416
218887,8.285547692,5,4,235.6032,1137.65,417
219055,148.8335057,0,5,636.3399,24568.12,413
219055,148.8335057,8,6,2008.67,3779.98,413
219334,9.464470706,10,10,57.38833,0,420
219468,14.0084966,5,3,148.923,4679.03,421
219559,19.49668778,46,7,32.52163,18269.13,421
219559,19.49668778,15,5,32.74194,14721.41,421
219586,101.997903,0,0,79.36902,NA,421
219586,101.997903,13,0,321.904,NA,421
219719,6.156442044,0,0,195.4121,NA,422
219719,6.156442044,0,0,100.3258,812.7,422
219771,4.238547529,0,0,203,2218.76,416
219771,4.238547529,4,0,249,247.87,416
219838,227.6059141,0,0,1110.216,3842.67,397
219838,227.6059141,0,2,1058.423,0,397
219842,9.071095088,0,0,113.3876,0.84,422
219842,9.071095088,0,2,126.8134,0,422
219893,54.97110905,17,0,106.4324,644.93,423
219893,54.97110905,6,0,114.1227,1975.46,423
220006,57.59956432,1,4,249.0141,168.62,423
220006,57.59956432,0,0,253.1004,NA,423
220040,230.3282357,13,0,379.0929,NA,415
220072,116.1998632,9,9,1221.496,4966.64,424
220191,386.7392087,0,3,3897.838,9275.21,397
220191,386.7392087,0,2,1316.205,76.34,397
220196,3.062540503,0,0,961.0116,32.22,425
220259,21.8019645,0,7,137.1349,8328.5,396
220259,21.8019645,0,0,155.4155,NA,396
220313,33.29516971,0,5,126.7977,449.57,397
220364,1.997800517,0,0,107.2996,0.24,396
220387,5.722735676,0,6,76.81881,3338.45,397
220410,14.41272172,0,10,104.952,1255.03,397
220482,20.65967759,0,9,34.81787,2595.73,398
220613,10.81032151,0,0,208.3853,NA,398
220613,10.81032151,0,4,301.4351,2677.84,398
220913,30.54337747,0,10,48.41613,4267.36,397
220913,30.54337747,0,3,49.20383,4477.2,397
220979,18.59368661,46,7,32.52163,18269.13,421
220979,18.59368661,15,5,32.74194,14721.41,421
220981,44.89268507,0,0,47.50551,NA,400
220981,44.89268507,NA,0,45.83775,NA,400
221045,18.68374301,0,8,142.073,776.87,400
221045,18.68374301,0,5,134.3955,642.24,400
221182,4.858600066,0,0,158,NA,403
221182,4.858600066,0,0,195.1803,2923.37,403
221413,195.3914137,0,4,1473.207,96.1,403
221468,39.21738182,0,5,180.7178,100.33,403
221468,39.21738182,0,7,157.321,3502.01,403
221529,11.7504753,NA,5,1359.202,1852.64,404
221529,11.7504753,NA,10,1460.785,1.88,404
221563,16.852796,0,0,134.4724,19904.82,404
221642,12.32244502,0,0,88.29614,1908.22,404
221642,12.32244502,0,0,87.21671,NA,404
221703,4.173250604,0,2,353.2679,0,404
221703,4.173250604,0,3,362.6841,10.96,404
221824,50.25803246,NA,6,2177.61,246.34,405
221832,2.504306158,0,0,47.59821,NA,405
221840,19.79483651,0,6,827,223.72,405
221840,19.79483651,0,6,895,225.6,405
222101,7.689316212,0,1,3099.055,7747.81,406
222290,3.953947216,0,4,89.78389,574.73,407
222505,108.1968479,NA,3,503.2201,7388.29,410
222592,41.47868561,6,1,226.711,24402.08,410
222592,41.47868561,5,1,248.5766,1639.32,410
222625,23.6217236,0,7,119.5212,1937.62,410
222625,23.6217236,0,6,119.5234,11634.08,410
222688,10.23968229,0,10,166.9018,127.02,411
222851,52.24540429,0,5,807.1749,497.07,411
222869,3.591814715,0,0,182.0344,NA,411
222901,5.597188593,25,6,68.16292,1443.41,411
222901,5.597188593,0,0,68.98171,190.14,411
223199,7.078988846,0,2,122.7371,7814.85,414
223224,61.74462216,0,0,49.11389,NA,413
223237,32.46002189,0,0,1348,NA,413
223237,32.46002189,0,10,835.525,1299.51,413
223615,7.183368483,0,0,175.6199,550.68,415
223658,20.62328787,0,5,1316,0,405
223658,20.62328787,0,6,895,225.6,405
223705,32.42817877,0,8,368.7089,0,416
223705,32.42817877,0,0,NA,NA,416
223708,81.86055259,NA,9,225.2514,254.3,416
223771,25.72655563,0,5,235.5728,0,417
223771,25.72655563,0,0,1112.744,NA,417
223783,74.27701467,NA,10,157.0189,2718.74,417
223783,74.27701467,12,10,156.4499,8992.56,417
223817,103.052891,0,10,205.242,202.65,417
223817,103.052891,0,10,102.5884,1669.83,417
223888,14.95686923,0,1,1739.531,5771.52,417
223937,11.22938726,0,7,80.935,994.97,418
223946,32.58430512,0,9,111.685,3374.53,417
223946,32.58430512,0,1,98.32146,174.64,417
224144,2.775614939,0,2,83.0466,4534.29,418
224319,8.925040344,0,1,215.4935,4722.93,421
224324,71.9371168,0,9,15.12189,12041.91,419
224324,71.9371168,0,10,14.85654,2679.17,419
224402,49.89495316,0,0,717.9163,NA,419
224402,49.89495316,0,10,857.8816,532.5,419
224440,13.55417419,1,0,443,NA,420
224591,16.93784941,0,0,120.0684,NA,420
224593,22.47726993,0,8,500.5804,1374.65,420
224716,23.26241498,0,4,2346,0,421
224728,8.032956328,11,10,75.21117,2291.79,421
224883,10.46427364,0,4,294.7118,2448.26,422
224981,86.09872202,0,4,136.8298,5658.15,423
224981,86.09872202,0,3,87.42959,1662.75,423
225027,91.96091364,6,6,117.1168,132.49,423
225189,43.74701685,0,9,87.65568,20024.67,393
225189,43.74701685,4,1,124.4296,17155.41,424
225205,1.491298259,0,0,99,NA,424
225294,29.30931448,0,7,166.2642,597.78,425
225294,29.30931448,0,0,54.89983,NA,425
225564,3.821757915,0,10,97.00063,2.42,426
225682,298.4853043,0,3,7738.544,122.41,426
225760,215.7353449,7,5,53.21641,40.19,396
225760,215.7353449,0,9,55.45209,1475.09,396
225774,12.55380793,0,2,135.7089,1901.15,396
225774,12.55380793,0,4,83.095,3572.23,396
225902,3.505836899,0,8,133.2002,1693,397
225947,37.38602114,0,3,102.4115,5127.62,396
225947,37.38602114,0,10,85.04015,5859.89,396
226020,18.63702135,0,8,104.456,334.5,397
226020,18.63702135,0,9,99.67899,1956.12,397
226162,29.32566896,0,3,215.9597,303.33,397
226169,9.446973611,0,4,249.4603,208.26,397
226568,207.5939079,0,6,149.436,17397.68,400
226568,207.5939079,11,8,141.9068,15610.79,400
226578,43.39164638,7,8,199.1503,1364.15,402
226586,32.13946196,0,1,79.86685,22983.07,402
226725,1257.813695,NA,0,5249.714,434776,401
226772,8.835500898,0,0,113.0362,NA,401
226772,8.835500898,0,1,149.6075,910.85,401
226920,3.628710854,0,5,146.1753,1918.05,402
226927,121.4182138,0,3,211.5392,138.48,402
226927,121.4182138,0,0,174.7458,NA,402
226955,3.468092783,3,0,59,NA,402
227082,6.535823826,0,1,196.4369,223.56,403
227082,6.535823826,0,0,241.4066,94.25,403
227124,2.283124025,0,0,111.3856,487.6,403
227215,35.79768864,1,10,140.2207,6140.58,404
227215,35.79768864,0,3,144.3234,15408.14,404
227597,12.84516367,0,6,310.918,0,407
227687,4.869199109,25,1,188.0052,0,413
227846,2.079437414,0,1,46.86,425.97,419
227846,2.079437414,0,6,123.6322,695.21,419
227880,22.99635908,0,0,125.8,11351.46,421
227973,16.32715645,0,1,124.0885,0,421
228003,10.67879324,2,6,154.779,1139.9,421
228003,10.67879324,2,0,252.9921,772.09,421
228087,20.70890456,0,5,140.0515,7858.87,421
228476,13.66152189,0,0,123.6664,19.39,423
228476,13.66152189,0,2,127.1261,346.19,423
228499,50.40227093,3,7,532.4673,5572.09,393
228499,50.40227093,31,9,278.3027,166944.9,393
228632,6.342425745,7,10,27.24472,0,394
228667,4.708001623,0,0,162.8166,NA,397
228740,293.3116843,6,10,116.3486,64813.26,394
228750,4.553641586,0,0,151.0995,NA,394
228757,6.95231625,0,10,63.01402,0,394
228757,6.95231625,0,0,54.76428,NA,394
228772,24.97007397,0,0,809.7533,92.89,394
228774,5.887764528,0,0,430.9955,NA,394
228781,7.06352862,0,0,1758,NA,393
228781,7.06352862,0,5,753.5866,2391.71,393
228788,2.665847343,3,0,79.21525,NA,394
228817,23.46827249,0,3,153.923,73458.56,395
228882,14.07547369,NA,1,102.0785,5025.51,395
228932,5.420461822,0,4,107.253,7892.11,396
228945,17.69607956,2,1,151.0373,2115.83,396
228945,17.69607956,0,4,154.3108,3352.55,396
229060,5.582274625,0,0,94,NA,397
229060,5.582274625,0,0,27.574,NA,397
229168,78.6203473,0,10,3221.601,677.82,398
229180,0.573917253,0,0,230.5805,NA,398
229307,27.87725269,0,0,2396.138,NA,399
229400,9.525759446,0,1,150.9476,340.49,399
229401,18.57493597,4,10,63.27204,6191.91,400
229401,18.57493597,0,0,36.5519,409.27,400
229680,1.046650121,0,0,210.2788,NA,401
229680,1.046650121,8,0,288.6168,346.54,401
229734,11.49253452,25,0,102.0985,NA,402
229734,11.49253452,12,0,79.62869,9440.46,402
229953,7.289628028,0,0,142.7781,NA,404
230015,506.5379322,12,4,2175.816,0,404
230015,506.5379322,0,8,867.1594,0,404
230295,17.76261811,0,0,77.47641,NA,406
230295,17.76261811,3,0,151.89,NA,406
230461,6.902957841,0,0,167.0596,NA,406
230461,6.902957841,0,0,169.6684,NA,406
230463,21.29614873,3,6,73.53769,1914.72,406
230508,42.94178592,0,10,159.3464,0.02,407
230775,92.02399774,0,10,133.8922,0,408
230775,92.02399774,0,9,130.3013,0,408
230829,33.03444874,0,5,415.1719,3.84,409
230829,33.03444874,0,10,99.77902,171.26,409
230906,171.020372,0,0,1733.76,NA,399
230906,171.020372,0,10,1608.015,0,411
230912,2.734080207,0,6,181.7228,0,411
230942,35.30400017,0,5,672.4457,9002.98,410
230950,15.04098476,0,0,766.6742,4911.16,410
231149,27.56984772,6,3,229.6589,22329.84,412
231458,23.48831035,0,0,220.7552,NA,413
231458,23.48831035,0,3,266.1999,0,413
231468,7.388650096,0,1,411.2265,24428.23,413
231471,113.6178432,0,7,4055.94,104.49,413
231471,113.6178432,1,8,1128.552,198,413
231479,4.62091248,0,NA,131.4124,NA,414
231479,4.62091248,0,0,134.2722,NA,414
231537,18.44885298,0,8,144.03,14750.32,414
231690,20.06143087,12,7,849.1724,0,414
231855,128.3171875,0,10,1090.685,0,415
231880,21.32782719,0,3,249.3693,59.86,416
231880,21.32782719,0,1,223.1245,689.2,416
232093,1.54244005,0,0,84,NA,418
232093,1.54244005,0,2,74.7603,67.96,414
232314,820.6445887,0,2,393.7175,0.92,419
232314,820.6445887,5,0,442.2308,0.6,419
232364,7.389486293,2,2,45.47524,0,414
232382,8.243613373,8,0,88.81089,NA,419
232382,8.243613373,10,3,68.19145,263,419
232509,12.33269487,25,3,65.10593,781.44,420
232509,12.33269487,3,5,117.9262,461.17,420
232512,2.290747233,0,0,112.6834,34.68,420
232540,7.602951842,0,0,61.02343,NA,420
232666,20.36918736,3,10,96.45293,33.36,421
232722,84.25491196,0,10,1797.641,9.03,421
232882,0.878148217,0,0,292.7539,NA,422
232895,2.427548982,3,0,78.14105,NA,422
232967,4.866268221,0,0,410.0218,NA,422
232977,11.66696031,8,5,158.2098,0,397
233244,17.97965347,3,10,164.0783,0,397
233366,26.15848149,0,3,207.0441,881.06,397
233366,26.15848149,0,2,249.5964,106.04,397
233447,4.944918957,0,4,138.9257,0,398
233449,8.968670419,0,4,114.4462,7094.02,398
233627,18.09505328,2,1,65.96878,2578.67,403
233732,75.02673382,0,10,689.6056,20173.97,399
233732,75.02673382,0,10,766.387,17134.07,399
233780,5.079500298,2,7,98.84833,0,399
233903,10.89490596,12,0,45.71204,NA,402
233903,10.89490596,14,8,45.60568,0,402
233905,12.26953429,6,10,270.6739,95.95,402
233931,39.4191359,13,8,98.36015,10979.73,402
234002,108.8336737,2,7,1847.423,15908.1,406
234004,8.316901764,0,9,80.20406,6.84,403
234065,32.4905013,0,0,2608.084,NA,403
234244,19.77912147,0,1,461.6675,129.25,404
234244,19.77912147,0,1,325.6074,53.82,404
234290,10.80557874,2,10,470.1208,0.38,404
234300,2.251409382,6,0,73,NA,404
234418,4.848120578,0,0,46.90081,0.3,421
234430,14.87452901,0,0,793.6588,0,405
234554,1391.495405,8,5,1067.542,0,406
234965,152.2557987,0,0,42.91989,NA,408
234965,152.2557987,15,1,357.0474,63742.13,408
234990,10.16572515,0,1,154.8756,0,408
234990,10.16572515,0,0,185.8713,NA,408
235264,8.095893227,0,0,1271.94,0,411
235340,27.5784469,0,9,330.2842,NA,412
235363,67.37593549,0,0,368.2177,0.17,411
235363,67.37593549,3,8,47.17805,5881.41,411
235381,25.75872903,5,0,73.10411,NA,412
235381,25.75872903,0,0,61.92537,NA,411
235384,25.39210985,8,2,134.7681,0.44,412
235384,25.39210985,2,2,69.20666,4505.46,412
235472,73.72911221,10,0,85.19559,NA,412
235472,73.72911221,10,5,99.75607,64529.03,412
235661,10.63352203,0,7,80.09871,813.78,413
235853,14.51344678,0,NA,280.4878,30828.74,413
235964,104.5469927,0,10,1097.113,0,415
236151,14.86488371,0,0,149.8174,NA,413
236151,14.86488371,2,NA,214.7649,26.19,413
236164,49.30462637,0,NA,130.2263,0.04,416
236164,49.30462637,0,3,110.6352,0.21,416
236250,141.901442,4,0,308.7593,22556.25,404
236250,141.901442,9,0,315.6132,NA,417
236430,62.31352682,0,7,131.2533,103762.9,418
236508,184.2969527,0,0,114.2403,NA,419
236508,184.2969527,18,3,482.7331,2208.92,419
236890,8.16302464,2,7,174.8491,842.16,421
236942,39.93378772,0,1,501.515,62.16,421
237187,39.17733132,0,0,1132.215,28597.93,413
237187,39.17733132,0,0,2439.999,0,413
237495,6.67751111,3,8,237.8271,112.66,396
237495,6.67751111,0,9,193.9799,0,396
237706,8.699205483,0,3,185.0891,7.02,397
237706,8.699205483,0,0,142.8196,16.87,397
237838,205.0971926,10,7,1093.301,4053.45,398
237905,6.899722604,0,NA,89.18436,4047.3,416
237905,6.899722604,0,NA,96.73799,10.34,416
237947,32.91972868,6,0,339.3243,NA,398
237947,32.91972868,32,10,291.6457,0,398
237950,3.456916022,0,3,1136.922,0.43,401
238003,15.84556238,0,8,1080.697,0,399
238202,9.203379192,2,2,272.208,8273.02,401
238228,9.575516651,2,4,139.6974,7671.92,401
238236,18.12657945,0,0,83.84519,2912.67,402
238236,18.12657945,6,9,84.67089,4086.07,402
238416,2.727269867,0,2,73.65756,96.31,402
238717,1208.207208,6,1,414.077,2864.45,404
238754,3.740790477,0,0,86.94425,NA,404
238895,4.26761379,0,6,158.3805,0,405
238943,10.86447156,3,1,84.73719,75.09,405
239031,5.78713197,0,10,1316.007,0,406
239199,6.924773191,6,2,92.27929,1581.44,408
239227,25.07426628,13,4,147.7787,35624.89,408
239455,25.78283977,0,0,200.5216,0,409
239455,25.78283977,0,6,171.1191,16858.55,409
240153,71.4768152,0,0,1105.145,NA,415
240607,62.43669087,0,0,281.1803,NA,415
240613,8.817836183,0,0,50.49047,NA,417
240613,8.817836183,0,9,38.61092,NA,417
240859,2.526843066,2,3,143.6834,0,419
240871,2.616471709,0,7,208.2209,74.04,419
240871,2.616471709,0,1,232.7422,45.05,419
240884,5.753580266,0,0,190.2649,70.34,419
240884,5.753580266,0,1,232.1094,38.34,419
241145,1498.516519,8,4,1131.334,6.15,422
241166,2.848102306,0,0,317.5925,168.72,419
241166,2.848102306,0,2,92.71164,0.85,422
241212,9.13825609,0,7,80.7467,0.28,422
241212,9.13825609,0,7,59.03497,0.31,422
241310,54.83143889,0,5,553.1348,7537.06,423
241333,16.8914731,2,10,28.21035,1.49,423
241333,16.8914731,0,2,29.3617,0.62,423
241630,11.191515,0,2,75.2225,0,425
241630,11.191515,0,3,84.61494,0,425
241690,302.456509,2,5,85.67428,93711.27,422
241693,11.35433274,3,0,128.8252,NA,396
241693,11.35433274,8,0,125.0057,NA,396
241801,35.26045041,0,8,2252.552,13436.98,400
241820,9.508205992,0,1,405.017,11.48,397
241967,98.18747675,2,0,331.536,0,399
242056,2.787926774,3,1,75.76763,104.47,425
242060,61.25809697,0,1,617.2692,0,400
242060,61.25809697,0,2,1147.763,0,400
242115,72.53658775,0,3,583.8463,75272.59,400
242160,10.74450952,0,4,143.4267,26.21,400
242215,2.644670174,0,5,68.64514,34.97,401
242355,15.65865985,0,3,560.0209,115.48,397
242592,35.50717817,0,2,121.6973,0,403
242592,35.50717817,3,0,59.43706,NA,403
242620,19.35195681,4,6,243.7587,0.52,403
242941,27.97798207,10,2,55.77667,5902.28,407
242943,9.844539624,0,0,101.0582,9879.8,406
242943,9.844539624,0,0,19.91463,NA,406
242968,135.8489972,0,10,355.9373,0,407
242968,135.8489972,0,7,219.5388,0,407
243069,11.83883491,34,8,73.40229,15269.33,407
243125,25.70171099,0,4,189.1986,0,408
243125,25.70171099,0,1,233.5464,0,408
243348,175.2218038,0,9,3125.154,655.71,409
243348,175.2218038,0,10,4099.612,0.7,409
243380,26.34575944,3,10,127.4632,95.29,409
243387,54.97809613,0,0,4189.206,NA,409
243428,134.8453385,4,7,88.31563,0,409
243496,25.57520401,3,5,534.5648,10564.36,410
243496,25.57520401,31,4,274.2744,9536.73,410
243693,6.736613355,0,6,281.2219,0,414
243693,6.736613355,0,5,235.214,0,444
243705,159.3921037,2,4,1313.446,0,414
243705,159.3921037,2,6,1199.307,44979.91,414
243767,84.84225556,0,0,NA,NA,410
243767,84.84225556,0,0,1955,NA,414
243850,1.318433663,0,0,132.827,0,414
243850,1.318433663,24,0,203.474,0,414
244222,8.468368587,2,5,248.0611,22845.85,417
244578,4.663714846,0,2,54.3292,0,420
244600,63.2735175,10,8,679.2534,122.25,420
244620,110.7918165,3,7,546.3443,52924.24,420
245013,13.09167255,0,0,90.57831,981.76,422
245013,13.09167255,2,7,120.5447,1584.36,422
245326,49.0526008,3,5,1206.164,255.47,424
245430,25.73919821,0,9,3367.932,20.65,425
245576,31.01976258,7,10,243.7197,3883.78,396
245582,13.65436272,0,9,639.3027,49.27,396
245639,33.09463011,0,3,142.4026,11.57,425
245639,33.09463011,10,0,102.2353,39.04,425
245647,40.44488422,0,4,338.6949,50.92,396
245647,40.44488422,0,1,211.7755,16.74,396
245658,6.459662165,2,8,125.5868,8979.39,417
245658,6.459662165,2,0,115.6482,NA,417
245959,69.10226563,0,9,85.36345,981.76,398
245959,69.10226563,4,7,133.0073,730.54,398
245980,1.20000502,0,4,180,568.77,398
246015,19.01717794,10,6,254.7674,6117.65,398
246076,33.29551063,12,4,26.07605,73210.93,399
246152,169.4082894,0,1,500.8273,569.06,398
246152,169.4082894,0,0,153.0829,4079.82,398
246164,490.2511397,7,2,3044.868,255.45,399
246528,26.47927056,2,3,32.19842,25937.29,403
246787,15.26113653,11,6,78.86716,0.55,405
246900,13.63230938,10,4,65.0754,7751.45,405
246900,13.63230938,0,0,44.4746,NA,405
247293,49.15460815,0,7,284.6392,10149.67,408
247293,49.15460815,6,7,416.918,6879.76,408
247354,44.89223429,7,8,302.4053,0.2,409
247354,44.89223429,0,9,245.6072,1.1,409
247381,86.61472744,0,1,99.87709,211097.8,406
247381,86.61472744,2,7,385.7934,0,406
247614,84.16147132,4,0,88.85003,NA,412
247845,9.973293321,3,0,714.5304,NA,413
247964,1511.970631,7,0,1019.333,NA,413
248249,7.401915914,2,0,2996.063,NA,416
248314,3.27232203,0,0,113.2924,NA,417
248314,3.27232203,0,0,105.9883,NA,417
248400,186.8400018,14,4,560.8613,984.29,419
248415,1.312206085,0,0,119.7238,NA,417
248426,25.7425906,0,8,1304.743,0,418
248548,1.71885802,0,2,34.43228,3309.47,418
248737,63.38145267,7,7,262.133,65830.88,406
248737,63.38145267,7,7,156.7296,6890.47,419
248753,88.51064661,4,8,100.451,0,419
248753,88.51064661,4,10,123.4999,0,419
248789,2.45760408,0,0,66.29268,NA,416
248790,9.004182029,0,0,263,9473,419
248790,9.004182029,2,0,232.2176,28472.23,419
248920,33.86050988,0,4,295.4082,1960.52,420
248920,33.86050988,5,4,241.6676,149.18,420
249166,9.165431627,3,9,148.064,0,422
249166,9.165431627,0,10,658.2803,0,422
249256,0.951163669,0,0,76.72379,189.22,424
249268,82.10746287,10,7,171.327,0,425
249268,82.10746287,10,10,132.2313,0,425
249355,2.981183981,16,4,285,1962.98,424
249374,36.32881601,0,10,295.5431,5.31,425
249374,36.32881601,0,0,196.8134,33207.33,425
249639,60.33474442,1,0,418.6619,805.69,396
249639,60.33474442,1,7,283.9905,137.09,397
249768,13.21906308,0,0,90.55503,NA,397
249768,13.21906308,0,1,129.4005,0,397
249775,57.02880877,18,5,129.785,2810.45,397
249939,8.810379617,0,9,473.8584,12.31,399
250164,16.7400314,0,2,266.1996,474.69,401
250164,16.7400314,0,5,1045.136,460.32,401
250310,282.1638304,9,1,169.0789,736.74,402
250532,12.21355655,0,8,83.28542,0,404
250532,12.21355655,9,3,233.2078,1633.93,404
250674,13.63804347,10,6,405.719,0,405
250914,80.80106265,2,1,320,22.74,407
250914,80.80106265,2,2,190.5854,29.78,407
250980,6.492692451,7,5,88.88182,39.24,408
250980,6.492692451,0,9,81.67419,50.58,408
251207,18.5931611,0,7,1017.183,226610.8,408
251374,2.897856712,0,4,128.8384,16066.25,410
251449,1124.030392,12,3,3632.194,401.09,411
251656,32.68685827,2,0,203.2232,0.69,412
251656,32.68685827,0,1,384.4636,0.17,412
251693,77.81109725,17,7,2629.823,396.59,413
251844,11.16565109,0,7,152,21.62,415
251844,11.16565109,4,5,227,219.09,415
251895,33.74554227,0,0,240.0919,6046.33,416
251895,33.74554227,12,3,294.7853,84040.47,416
252008,128.8469412,0,8,1428.811,456.74,416
252204,36.1608226,5,10,926.9365,46.21,417
252499,5.68567318,0,1,234.6401,742.62,420
252706,17.89990816,0,7,505.6174,0,423
252706,17.89990816,0,6,860.406,0,423
252749,30.80745974,22,5,104.3415,12.05,423
252749,30.80745974,0,1,161.1636,0,423
252771,6.668770104,6,2,120.7281,14746.95,423
252771,6.668770104,4,0,114.9317,14641.32,423
252780,121.7629042,12,4,177.6172,1401,423
252780,121.7629042,0,0,NA,NA,423
252931,25.63883252,0,8,68.30491,5629.55,418
252931,25.63883252,0,9,63.10998,1027.74,418
252979,1.302360233,0,5,170.385,0,424
253216,6.382839445,2,7,142.2715,2.16,424
253222,11.40385248,0,8,143.2302,0.63,398
253268,3.224253382,0,3,83,42982.79,396
253308,34.17466353,0,0,42.7568,NA,397
253308,34.17466353,0,0,118.6012,0.63,397
253430,14.33434141,0,7,579.5658,44064.68,398
253741,44.22682922,0,7,376.7512,0,400
253741,44.22682922,0,7,283.0307,37658.54,400
253858,3.035193837,9,2,113.4084,31.64,401
253922,83.98976424,18,6,36.78124,333.42,401
253939,158.3755196,21,10,108.6829,62544.31,401
254213,45.43031701,18,9,108.6985,0,404
254213,45.43031701,2,9,105.1986,191.13,404
254262,11.213894,0,10,446.7212,0,405
254281,13.50014354,0,3,401.2221,19.93,405
254417,45.27917064,2,3,6673.595,0,406
254822,17.03071602,2,2,6753,0,408
254841,11.93319794,1,3,4747,0,408
